DATE,TIME,OPEN,HIGH,LOW,CLOSE,VOLUME,,,,,
2009.12.07,00:00:00,1,48583,1,49050,1,47565,1,48263,-1,0
2009.12.08,00:00:00,1,48263,1,48670,1,46813,1,47035,-1,0
2009.12.09,00:00:00,1,47063,1,47823,1,46688,1,47248,-1,0
2009.12.10,00:00:00,1,47340,1,47603,1,46845,1,47308,-1,0
2009.12.11,00:00:00,1,47330,1,47763,1,45865,1,46150,-1,0
2009.12.14,00:00:00,1,46190,1,46855,1,45988,1,46568,-1,0
2009.12.15,00:00:00,1,46553,1,46593,1,45038,1,45380,-1,0
2009.12.16,00:00:00,1,45348,1,45905,1,45055,1,45310,-1,0
2009.12.17,00:00:00,1,45265,1,45335,1,43045,1,43383,-1,0
2009.12.18,00:00:00,1,43410,1,44118,1,42615,1,43438,-1,0
2009.12.21,00:00:00,1,43238,1,43735,1,42675,1,42773,-1,0
2009.12.22,00:00:00,1,42730,1,43323,1,42178,1,42495,-1,0
2009.12.23,00:00:00,1,42440,1,43665,1,42345,1,43368,-1,0
2009.12.24,00:00:00,1,43280,1,44183,1,43243,1,43795,-1,0
2009.12.28,00:00:00,1,43858,1,44138,1,43543,1,43790,-1,0
2009.12.29,00:00:00,1,43788,1,44585,1,43318,1,43533,-1,0
2009.12.30,00:00:00,1,43530,1,43608,1,42735,1,43393,-1,0
2009.12.31,00:00:00,1,43335,1,44405,1,43068,1,43263,-1,0
2010.01.04,00:00:00,1,43085,1,44558,1,42575,1,44128,-1,0
2010.01.05,00:00:00,1,44153,1,44843,1,43465,1,43655,-1,0
2010.01.06,00:00:00,1,43615,1,44353,1,42840,1,44075,-1,0
2010.01.07,00:00:00,1,44123,1,44473,1,42995,1,43078,-1,0
2010.01.08,00:00:00,1,43105,1,44388,1,42638,1,44105,-1,0
2010.01.11,00:00:00,1,44270,1,45573,1,44085,1,45130,-1,0
2010.01.12,00:00:00,1,45133,1,45458,1,44540,1,44855,-1,0
2010.01.13,00:00:00,1,44853,1,45795,1,44570,1,45105,-1,0
2010.01.14,00:00:00,1,45093,1,45558,1,44468,1,44998,-1,0
2010.01.15,00:00:00,1,44978,1,45123,1,43373,1,43858,-1,0
2010.01.18,00:00:00,1,43625,1,44005,1,43355,1,43833,-1,0
2010.01.19,00:00:00,1,43865,1,44143,1,42528,1,42880,-1,0
2010.01.20,00:00:00,1,42880,1,42953,1,40805,1,41058,-1,0
2010.01.21,00:00:00,1,41008,1,41433,1,40293,1,40840,-1,0
2010.01.22,00:00:00,1,40885,1,41815,1,40665,1,41383,-1,0
2010.01.25,00:00:00,1,41450,1,41943,1,41285,1,41505,-1,0
2010.01.26,00:00:00,1,41495,1,41795,1,40428,1,40718,-1,0
2010.01.27,00:00:00,1,40768,1,40970,1,39935,1,40233,-1,0
2010.01.28,00:00:00,1,40260,1,40525,1,39375,1,39708,-1,0
2010.01.29,00:00:00,1,39695,1,39875,1,38625,1,38633,-1,0
2010.02.01,00:00:00,1,38585,1,39385,1,38530,1,39305,-1,0
2010.02.02,00:00:00,1,39318,1,39748,1,38865,1,39645,-1,0
2010.02.03,00:00:00,1,39640,1,40263,1,38858,1,38933,-1,0
2010.02.04,00:00:00,1,38915,1,39028,1,37228,1,37228,-1,0
2010.02.05,00:00:00,1,37188,1,37460,1,35855,1,36785,-1,0
2010.02.08,00:00:00,1,36583,1,37138,1,36218,1,36480,-1,0
2010.02.09,00:00:00,1,36450,1,38395,1,36435,1,37970,-1,0
2010.02.10,00:00:00,1,37920,1,38128,1,36773,1,37370,-1,0
2010.02.11,00:00:00,1,37333,1,38008,1,35958,1,36933,-1,0
2010.02.12,00:00:00,1,36863,1,36953,1,35318,1,36315,-1,0
2010.02.15,00:00:00,1,36180,1,36335,1,35795,1,35985,-1,0
2010.02.16,00:00:00,1,36003,1,37795,1,35888,1,37713,-1,0
2010.02.17,00:00:00,1,37693,1,37888,1,35855,1,36070,-1,0
2010.02.18,00:00:00,1,35990,1,36545,1,34985,1,35270,-1,0
2010.02.19,00:00:00,1,35173,1,36185,1,34438,1,36130,-1,0
2010.02.22,00:00:00,1,36298,1,36538,1,35743,1,35958,-1,0
2010.02.23,00:00:00,1,36013,1,36918,1,34968,1,35075,-1,0
2010.02.24,00:00:00,1,35095,1,36265,1,35033,1,35408,-1,0
2010.02.25,00:00:00,1,35400,1,35708,1,34515,1,35485,-1,0
2010.02.26,00:00:00,1,35490,1,36828,1,35305,1,36328,-1,0
2010.03.01,00:00:00,1,36340,1,36543,1,34608,1,35600,-1,0
2010.03.02,00:00:00,1,35630,1,36223,1,34353,1,36150,-1,0
2010.03.03,00:00:00,1,36113,1,37360,1,35928,1,36965,-1,0
2010.03.04,00:00:00,1,37000,1,37123,1,35515,1,35813,-1,0
2010.03.05,00:00:00,1,35840,1,36308,1,35308,1,36240,-1,0
2010.03.08,00:00:00,1,36350,1,37045,1,36058,1,36340,-1,0
2010.03.09,00:00:00,1,36318,1,36355,1,35378,1,36018,-1,0
2010.03.10,00:00:00,1,35978,1,36795,1,35445,1,36570,-1,0
2010.03.11,00:00:00,1,36570,1,36873,1,36213,1,36810,-1,0
2010.03.12,00:00:00,1,36755,1,37960,1,36698,1,37690,-1,0
2010.03.15,00:00:00,1,37775,1,37783,1,36398,1,36770,-1,0
2010.03.16,00:00:00,1,36743,1,37835,1,36568,1,37658,-1,0
2010.03.17,00:00:00,1,37718,1,38178,1,37265,1,37375,-1,0
2010.03.18,00:00:00,1,37380,1,37408,1,35868,1,36080,-1,0
2010.03.19,00:00:00,1,36060,1,36268,1,35033,1,35300,-1,0
2010.03.22,00:00:00,1,35300,1,35685,1,34635,1,35585,-1,0
2010.03.23,00:00:00,1,35565,1,35695,1,34763,1,34985,-1,0
2010.03.24,00:00:00,1,35055,1,35058,1,33125,1,33143,-1,0
2010.03.25,00:00:00,1,33150,1,33873,1,32678,1,32720,-1,0
2010.03.26,00:00:00,1,32765,1,34253,1,32683,1,34093,-1,0
2010.03.29,00:00:00,1,34643,1,35065,1,34190,1,34825,-1,0
2010.03.30,00:00:00,1,34795,1,35373,1,33958,1,34138,-1,0
2010.03.31,00:00:00,1,34123,1,35483,1,33845,1,35095,-1,0
2010.04.01,00:00:00,1,35133,1,35913,1,34603,1,35888,-1,0
2010.04.02,00:00:00,1,35833,1,35910,1,34755,1,35030,-1,0
2010.04.05,00:00:00,1,34945,1,35385,1,34608,1,34840,-1,0
2010.04.06,00:00:00,1,34870,1,34973,1,33555,1,33988,-1,0
2010.04.07,00:00:00,1,33978,1,34085,1,33263,1,33438,-1,0
2010.04.08,00:00:00,1,33408,1,33663,1,32828,1,33610,-1,0
2010.04.09,00:00:00,1,33605,1,34995,1,33423,1,34990,-1,0
2010.04.12,00:00:00,1,36335,1,36920,1,35663,1,35915,-1,0
2010.04.13,00:00:00,1,35863,1,36275,1,35458,1,36135,-1,0
2010.04.14,00:00:00,1,36080,1,36788,1,35948,1,36533,-1,0
2010.04.15,00:00:00,1,36518,1,36668,1,35218,1,35725,-1,0
2010.04.16,00:00:00,1,35795,1,35848,1,34725,1,35028,-1,0
2010.04.19,00:00:00,1,34685,1,34980,1,34168,1,34893,-1,0
2010.04.20,00:00:00,1,34883,1,35228,1,34288,1,34343,-1,0
2010.04.21,00:00:00,1,34405,1,34473,1,33585,1,33890,-1,0
2010.04.22,00:00:00,1,33900,1,34213,1,32585,1,32945,-1,0
2010.04.23,00:00:00,1,32955,1,33998,1,32023,1,33840,-1,0
2010.04.26,00:00:00,1,33355,1,33975,1,32918,1,33818,-1,0
2010.04.27,00:00:00,1,33905,1,34153,1,31658,1,31750,-1,0
2010.04.28,00:00:00,1,31613,1,32663,1,31148,1,32200,-1,0
2010.04.29,00:00:00,1,32138,1,32785,1,31845,1,32335,-1,0
2010.04.30,00:00:00,1,32260,1,33425,1,32243,1,32945,-1,0
2010.05.03,00:00:00,1,33345,1,33473,1,31548,1,31945,-1,0
2010.05.04,00:00:00,1,31918,1,32138,1,29820,1,29870,-1,0
2010.05.05,00:00:00,1,29790,1,29968,1,28040,1,28143,-1,0
2010.05.06,00:00:00,1,28090,1,28565,1,25215,1,26180,-1,0
2010.05.07,00:00:00,1,26563,1,27983,1,25860,1,27513,-1,0
2010.05.10,00:00:00,1,29088,1,30945,1,27595,1,27870,-1,0
2010.05.11,00:00:00,1,27833,1,28033,1,26565,1,26620,-1,0
2010.05.12,00:00:00,1,26608,1,27393,1,26055,1,26135,-1,0
2010.05.13,00:00:00,1,26185,1,26845,1,25185,1,25348,-1,0
2010.05.14,00:00:00,1,25298,1,25758,1,23545,1,23590,-1,0
2010.05.17,00:00:00,1,23558,1,24145,1,22348,1,23953,-1,0
2010.05.18,00:00:00,1,23948,1,24445,1,21615,1,22023,-1,0
2010.05.19,00:00:00,1,21888,1,24238,1,21443,1,24155,-1,0
2010.05.20,00:00:00,1,24290,1,25978,1,22970,1,24863,-1,0
2010.05.21,00:00:00,1,24658,1,26725,1,24558,1,25708,-1,0
2010.05.24,00:00:00,1,25445,1,25635,1,23448,1,23720,-1,0
2010.05.25,00:00:00,1,23518,1,23565,1,21783,1,23450,-1,0
2010.05.26,00:00:00,1,23623,1,23883,1,21675,1,21785,-1,0
2010.05.27,00:00:00,1,21690,1,23945,1,21545,1,23615,-1,0
2010.05.28,00:00:00,1,23675,1,24525,1,22655,1,22730,-1,0
2010.05.31,00:00:00,1,22705,1,23345,1,22655,1,23058,-1,0
2010.06.01,00:00:00,1,23058,1,23543,1,21115,1,22285,-1,0
2010.06.02,00:00:00,1,22335,1,22738,1,21758,1,22490,-1,0
2010.06.03,00:00:00,1,22510,1,23268,1,21525,1,21618,-1,0
2010.06.04,00:00:00,1,21595,1,22158,1,19558,1,19665,-1,0
2010.06.07,00:00:00,1,19325,1,19915,1,18765,1,19235,-1,0
2010.06.08,00:00:00,1,19153,1,20085,1,19023,1,19733,-1,0
2010.06.09,00:00:00,1,19738,1,20735,1,19248,1,19783,-1,0
2010.06.10,00:00:00,1,19843,1,21418,1,19575,1,21243,-1,0
2010.06.11,00:00:00,1,21100,1,21523,1,20453,1,21120,-1,0
2010.06.14,00:00:00,1,21310,1,22985,1,21158,1,22200,-1,0
2010.06.15,00:00:00,1,22195,1,23495,1,21683,1,23320,-1,0
2010.06.16,00:00:00,1,23253,1,23533,1,22553,1,23108,-1,0
2010.06.17,00:00:00,1,23110,1,24128,1,22423,1,23880,-1,0
2010.06.18,00:00:00,1,23810,1,24168,1,23533,1,23878,-1,0
2010.06.21,00:00:00,1,24570,1,24683,1,23038,1,23120,-1,0
2010.06.22,00:00:00,1,23173,1,23540,1,22518,1,22708,-1,0
2010.06.23,00:00:00,1,22678,1,23438,1,22095,1,23100,-1,0
2010.06.24,00:00:00,1,23135,1,23883,1,22618,1,23335,-1,0
2010.06.25,00:00:00,1,23290,1,23953,1,22543,1,23683,-1,0
2010.06.28,00:00:00,1,23723,1,23978,1,22658,1,22770,-1,0
2010.06.29,00:00:00,1,22773,1,22905,1,21518,1,21878,-1,0
2010.06.30,00:00:00,1,21830,1,23043,1,21670,1,22373,-1,0
2010.07.01,00:00:00,1,22365,1,25400,1,21935,1,25273,-1,0
2010.07.02,00:00:00,1,25178,1,26113,1,24820,1,25685,-1,0
2010.07.05,00:00:00,1,25575,1,25633,1,25093,1,25385,-1,0
2010.07.06,00:00:00,1,25388,1,26623,1,24805,1,26265,-1,0
2010.07.07,00:00:00,1,26260,1,26648,1,25538,1,26380,-1,0
2010.07.08,00:00:00,1,26345,1,27115,1,26208,1,26975,-1,0
2010.07.09,00:00:00,1,26935,1,27228,1,26093,1,26398,-1,0
2010.07.12,00:00:00,1,26335,1,26475,1,25513,1,25958,-1,0
2010.07.13,00:00:00,1,25900,1,27388,1,25228,1,27243,-1,0
2010.07.14,00:00:00,1,27288,1,27778,1,26828,1,27438,-1,0
2010.07.15,00:00:00,1,27410,1,29548,1,27090,1,29500,-1,0
2010.07.16,00:00:00,1,29385,1,30070,1,28900,1,29295,-1,0
2010.07.19,00:00:00,1,29048,1,29918,1,28708,1,29418,-1,0
2010.07.20,00:00:00,1,29415,1,30285,1,28395,1,28800,-1,0
2010.07.21,00:00:00,1,28858,1,29128,1,27325,1,27540,-1,0
2010.07.22,00:00:00,1,27573,1,29333,1,27378,1,28925,-1,0
2010.07.23,00:00:00,1,28933,1,29655,1,27943,1,29098,-1,0
2010.07.26,00:00:00,1,28963,1,30055,1,28770,1,29943,-1,0
2010.07.27,00:00:00,1,29930,1,30463,1,29525,1,29958,-1,0
2010.07.28,00:00:00,1,29943,1,30420,1,29668,1,29948,-1,0
2010.07.29,00:00:00,1,29920,1,31068,1,29783,1,30790,-1,0
2010.07.30,00:00:00,1,30793,1,30933,1,29808,1,30508,-1,0
2010.08.02,00:00:00,1,30655,1,31953,1,30545,1,31800,-1,0
2010.08.03,00:00:00,1,31813,1,32618,1,31473,1,32303,-1,0
2010.08.04,00:00:00,1,32278,1,32398,1,31313,1,31613,-1,0
2010.08.05,00:00:00,1,31603,1,32348,1,31193,1,31885,-1,0
2010.08.06,00:00:00,1,31870,1,33338,1,31578,1,32803,-1,0
2010.08.09,00:00:00,1,32953,1,33078,1,32168,1,32215,-1,0
2010.08.10,00:00:00,1,32300,1,32335,1,30745,1,31760,-1,0
2010.08.11,00:00:00,1,31778,1,31865,1,28618,1,28628,-1,0
2010.08.12,00:00:00,1,28323,1,29325,1,27808,1,28293,-1,0
2010.08.13,00:00:00,1,28258,1,29063,1,27505,1,27535,-1,0
2010.08.16,00:00:00,1,27668,1,28718,1,27343,1,28260,-1,0
2010.08.17,00:00:00,1,28260,1,29163,1,28043,1,28843,-1,0
2010.08.18,00:00:00,1,28810,1,29225,1,28238,1,28530,-1,0
2010.08.19,00:00:00,1,28570,1,29028,1,27723,1,28233,-1,0
2010.08.20,00:00:00,1,28210,1,28328,1,26640,1,27115,-1,0
2010.08.23,00:00:00,1,27043,1,27293,1,26475,1,26570,-1,0
2010.08.24,00:00:00,1,26580,1,27193,1,25883,1,26273,-1,0
2010.08.25,00:00:00,1,26258,1,27268,1,26093,1,26585,-1,0
2010.08.26,00:00:00,1,26583,1,27648,1,26505,1,27160,-1,0
2010.08.27,00:00:00,1,27195,1,27793,1,26763,1,27628,-1,0
2010.08.30,00:00:00,1,27610,1,27685,1,26593,1,26628,-1,0
2010.08.31,00:00:00,1,26650,1,27433,1,26255,1,26793,-1,0
2010.09.01,00:00:00,1,26848,1,28555,1,26633,1,28085,-1,0
2010.09.02,00:00:00,1,28110,1,28483,1,27768,1,28255,-1,0
2010.09.03,00:00:00,1,28260,1,28978,1,28093,1,28965,-1,0
2010.09.06,00:00:00,1,28895,1,29188,1,28673,1,28758,-1,0
2010.09.07,00:00:00,1,28718,1,28765,1,26778,1,26818,-1,0
2010.09.08,00:00:00,1,26835,1,27633,1,26593,1,27205,-1,0
2010.09.09,00:00:00,1,27220,1,27663,1,26653,1,26950,-1,0
2010.09.10,00:00:00,1,26963,1,27468,1,26443,1,26790,-1,0
2010.09.13,00:00:00,1,27135,1,28925,1,27040,1,28830,-1,0
2010.09.14,00:00:00,1,28805,1,30333,1,28298,1,29975,-1,0
2010.09.15,00:00:00,1,29943,1,30368,1,29555,1,30110,-1,0
2010.09.16,00:00:00,1,30043,1,31170,1,29763,1,30780,-1,0
2010.09.17,00:00:00,1,30795,1,31593,1,30195,1,30493,-1,0
2010.09.20,00:00:00,1,30633,1,31205,1,30293,1,30613,-1,0
2010.09.21,00:00:00,1,30668,1,32855,1,30578,1,32640,-1,0
2010.09.22,00:00:00,1,32528,1,34398,1,32483,1,34055,-1,0
2010.09.23,00:00:00,1,33998,1,34135,1,33045,1,33148,-1,0
2010.09.24,00:00:00,1,33128,1,34953,1,32868,1,34930,-1,0
2010.09.27,00:00:00,1,34865,1,35068,1,34258,1,34545,-1,0
2010.09.28,00:00:00,1,34530,1,35955,1,33813,1,35855,-1,0
2010.09.29,00:00:00,1,35825,1,36468,1,35665,1,36265,-1,0
2010.09.30,00:00:00,1,36273,1,36835,1,35598,1,36348,-1,0
2010.10.01,00:00:00,1,36333,1,37925,1,36190,1,37915,-1,0
2010.10.04,00:00:00,1,38050,1,38063,1,36668,1,36853,-1,0
2010.10.05,00:00:00,1,36830,1,38590,1,36373,1,38393,-1,0
2010.10.06,00:00:00,1,38338,1,39478,1,37990,1,39303,-1,0
2010.10.07,00:00:00,1,39365,1,40288,1,38575,1,39258,-1,0
2010.10.08,00:00:00,1,39275,1,39843,1,38338,1,39398,-1,0
2010.10.11,00:00:00,1,39900,1,40128,1,38665,1,38763,-1,0
2010.10.12,00:00:00,1,38753,1,39360,1,37753,1,39248,-1,0
2010.10.13,00:00:00,1,39263,1,40015,1,39125,1,39615,-1,0
2010.10.14,00:00:00,1,39628,1,41225,1,39550,1,40848,-1,0
2010.10.15,00:00:00,1,40805,1,41585,1,39375,1,39773,-1,0
2010.10.18,00:00:00,1,39890,1,39983,1,38313,1,39340,-1,0
2010.10.19,00:00:00,1,39443,1,40045,1,37135,1,37270,-1,0
2010.10.20,00:00:00,1,37358,1,39913,1,36983,1,39638,-1,0
2010.10.21,00:00:00,1,39660,1,40505,1,38723,1,39200,-1,0
2010.10.22,00:00:00,1,39208,1,39718,1,38585,1,39535,-1,0
2010.10.25,00:00:00,1,39738,1,40800,1,39345,1,39655,-1,0
2010.10.26,00:00:00,1,39665,1,39818,1,38258,1,38593,-1,0
2010.10.27,00:00:00,1,38600,1,38783,1,37345,1,37695,-1,0
2010.10.28,00:00:00,1,37690,1,39455,1,37640,1,39310,-1,0
2010.10.29,00:00:00,1,39305,1,39518,1,38075,1,39468,-1,0
2010.11.01,00:00:00,1,39600,1,40113,1,38643,1,38928,-1,0
2010.11.02,00:00:00,1,38938,1,40583,1,38820,1,40333,-1,0
2010.11.03,00:00:00,1,40383,1,41908,1,39920,1,41380,-1,0
2010.11.04,00:00:00,1,41418,1,42820,1,41025,1,42078,-1,0
2010.11.05,00:00:00,1,42018,1,42488,1,40240,1,40325,-1,0
2010.11.08,00:00:00,1,40570,1,40855,1,38878,1,39195,-1,0
2010.11.09,00:00:00,1,39280,1,39738,1,37523,1,37725,-1,0
2010.11.10,00:00:00,1,37753,1,38255,1,36713,1,37830,-1,0
2010.11.11,00:00:00,1,37735,1,38208,1,36375,1,36675,-1,0
2010.11.12,00:00:00,1,36648,1,37765,1,35738,1,36915,-1,0
2010.11.15,00:00:00,1,36955,1,37508,1,35638,1,35868,-1,0
2010.11.16,00:00:00,1,35855,1,36555,1,34480,1,34890,-1,0
2010.11.17,00:00:00,1,34920,1,35658,1,34605,1,35295,-1,0
2010.11.18,00:00:00,1,35275,1,36678,1,35260,1,36430,-1,0
2010.11.19,00:00:00,1,36380,1,37318,1,36088,1,36725,-1,0
2010.11.22,00:00:00,1,37180,1,37863,1,35773,1,36270,-1,0
2010.11.23,00:00:00,1,36290,1,36330,1,33618,1,33665,-1,0
2010.11.24,00:00:00,1,33740,1,34213,1,32850,1,33350,-1,0
2010.11.25,00:00:00,1,33335,1,33875,1,32868,1,33595,-1,0
2010.11.26,00:00:00,1,33588,1,33620,1,32005,1,32413,-1,0
2010.11.29,00:00:00,1,32775,1,33023,1,30645,1,31253,-1,0
2010.11.30,00:00:00,1,31215,1,31500,1,29693,1,29828,-1,0
2010.12.01,00:00:00,1,29818,1,31815,1,29715,1,31385,-1,0
2010.12.02,00:00:00,1,31395,1,32470,1,30605,1,32095,-1,0
2010.12.03,00:00:00,1,32115,1,34383,1,31935,1,34150,-1,0
2010.12.06,00:00:00,1,33925,1,34223,1,32468,1,33078,-1,0
2010.12.07,00:00:00,1,33060,1,34005,1,32580,1,32610,-1,0
2010.12.08,00:00:00,1,32585,1,32805,1,31803,1,32618,-1,0
2010.12.09,00:00:00,1,32638,1,33228,1,31653,1,32390,-1,0
2010.12.10,00:00:00,1,32410,1,32823,1,31788,1,32263,-1,0
2010.12.13,00:00:00,1,32038,1,34338,1,31828,1,33910,-1,0
2010.12.14,00:00:00,1,33953,1,34983,1,33635,1,33785,-1,0
2010.12.15,00:00:00,1,33760,1,33818,1,32088,1,32138,-1,0
2010.12.16,00:00:00,1,32200,1,32658,1,31815,1,32440,-1,0
2010.12.17,00:00:00,1,32460,1,33593,1,31335,1,31885,-1,0
2010.12.20,00:00:00,1,31833,1,31833,1,30945,1,31308,-1,0
2010.12.21,00:00:00,1,31240,1,32015,1,30738,1,31008,-1,0
2010.12.22,00:00:00,1,30928,1,31818,1,30785,1,31003,-1,0
2010.12.23,00:00:00,1,31015,1,31515,1,30555,1,31143,-1,0
2010.12.24,00:00:00,1,31140,1,31488,1,30883,1,31218,-1,0
2010.12.27,00:00:00,1,31150,1,31705,1,30725,1,31645,-1,0
2010.12.28,00:00:00,1,31673,1,32745,1,30940,1,31145,-1,0
2010.12.29,00:00:00,1,31133,1,32385,1,30840,1,32250,-1,0
2010.12.30,00:00:00,1,32265,1,33148,1,32168,1,32898,-1,0
2010.12.31,00:00:00,1,32885,1,34243,1,32855,1,33833,-1,0
2011.01.03,00:00:00,1,33553,1,33950,1,32508,1,33608,-1,0
2011.01.04,00:00:00,1,33595,1,34333,1,32925,1,33070,-1,0
2011.01.05,00:00:00,1,33070,1,33255,1,31258,1,31500,-1,0
2011.01.06,00:00:00,1,31545,1,31705,1,29975,1,30030,-1,0
2011.01.07,00:00:00,1,29993,1,30215,1,29048,1,29070,-1,0
2011.01.10,00:00:00,1,28773,1,29645,1,28743,1,29510,-1,0
2011.01.11,00:00:00,1,29530,1,29925,1,29048,1,29743,-1,0
2011.01.12,00:00:00,1,29683,1,31445,1,29623,1,31313,-1,0
2011.01.13,00:00:00,1,31345,1,33835,1,30895,1,33645,-1,0
2011.01.14,00:00:00,1,33638,1,34573,1,33153,1,33885,-1,0
2011.01.17,00:00:00,1,33723,1,33823,1,32445,1,32935,-1,0
2011.01.18,00:00:00,1,32888,1,34658,1,32535,1,33870,-1,0
2011.01.19,00:00:00,1,33823,1,35385,1,33690,1,34735,-1,0
2011.01.20,00:00:00,1,34695,1,35235,1,33963,1,34725,-1,0
2011.01.21,00:00:00,1,34720,1,36255,1,34490,1,36205,-1,0
2011.01.24,00:00:00,1,36300,1,36855,1,35405,1,36378,-1,0
2011.01.25,00:00:00,1,36430,1,37038,1,35733,1,36818,-1,0
2011.01.26,00:00:00,1,36863,1,37215,1,36410,1,37128,-1,0
2011.01.27,00:00:00,1,37025,1,37583,1,36373,1,37340,-1,0
2011.01.28,00:00:00,1,37345,1,37463,1,35840,1,36113,-1,0
2011.01.31,00:00:00,1,36008,1,37395,1,35708,1,36935,-1,0
2011.02.01,00:00:00,1,36943,1,38430,1,36905,1,38290,-1,0
2011.02.02,00:00:00,1,38260,1,38615,1,37678,1,38108,-1,0
2011.02.03,00:00:00,1,38083,1,38255,1,36095,1,36335,-1,0
2011.02.04,00:00:00,1,36288,1,36783,1,35438,1,35828,-1,0
2011.02.07,00:00:00,1,35713,1,36265,1,35090,1,35820,-1,0
2011.02.08,00:00:00,1,35828,1,36885,1,35725,1,36255,-1,0
2011.02.09,00:00:00,1,36293,1,37445,1,36113,1,37325,-1,0
2011.02.10,00:00:00,1,37310,1,37323,1,35775,1,36020,-1,0
2011.02.11,00:00:00,1,36030,1,36213,1,34975,1,35555,-1,0
2011.02.14,00:00:00,1,35225,1,35583,1,34285,1,34885,-1,0
2011.02.15,00:00:00,1,34843,1,35505,1,34615,1,34868,-1,0
2011.02.16,00:00:00,1,34848,1,35885,1,34628,1,35685,-1,0
2011.02.17,00:00:00,1,35653,1,36190,1,35368,1,36093,-1,0
2011.02.18,00:00:00,1,36070,1,37153,1,35455,1,36945,-1,0
2011.02.21,00:00:00,1,36925,1,37155,1,36473,1,36783,-1,0
2011.02.22,00:00:00,1,36780,1,37035,1,35258,1,36500,-1,0
2011.02.23,00:00:00,1,36555,1,37865,1,36540,1,37485,-1,0
2011.02.24,00:00:00,1,37470,1,38205,1,37045,1,37995,-1,0
2011.02.25,00:00:00,1,38025,1,38385,1,37245,1,37533,-1,0
2011.02.28,00:00:00,1,37598,1,38555,1,37115,1,38065,-1,0
2011.03.01,00:00:00,1,38038,1,38538,1,37635,1,37768,-1,0
2011.03.02,00:00:00,1,37750,1,38903,1,37435,1,38655,-1,0
2011.03.03,00:00:00,1,38625,1,39753,1,38330,1,39695,-1,0
2011.03.04,00:00:00,1,39650,1,40073,1,39405,1,39865,-1,0
2011.03.07,00:00:00,1,39968,1,40360,1,39558,1,39690,-1,0
2011.03.08,00:00:00,1,39715,1,39885,1,38628,1,39045,-1,0
2011.03.09,00:00:00,1,39023,1,39415,1,38565,1,39085,-1,0
2011.03.10,00:00:00,1,39070,1,39245,1,37755,1,37978,-1,0
2011.03.11,00:00:00,1,37975,1,39153,1,37525,1,39033,-1,0
2011.03.14,00:00:00,1,39565,1,40033,1,39050,1,39925,-1,0
2011.03.15,00:00:00,1,39915,1,40133,1,38558,1,39978,-1,0
2011.03.16,00:00:00,1,39958,1,40025,1,38670,1,39003,-1,0
2011.03.17,00:00:00,1,39165,1,40523,1,38690,1,40213,-1,0
2011.03.18,00:00:00,1,40200,1,41845,1,39808,1,41825,-1,0
2011.03.21,00:00:00,1,41918,1,42400,1,41395,1,42263,-1,0
2011.03.22,00:00:00,1,42265,1,42485,1,41798,1,41963,-1,0
2011.03.23,00:00:00,1,42015,1,42145,1,40853,1,40875,-1,0
2011.03.24,00:00:00,1,40845,1,42203,1,40538,1,41773,-1,0
2011.03.25,00:00:00,1,41763,1,41935,1,40555,1,40883,-1,0
2011.03.28,00:00:00,1,40373,1,41158,1,40213,1,40870,-1,0
2011.03.29,00:00:00,1,40850,1,41488,1,40473,1,41135,-1,0
2011.03.30,00:00:00,1,41125,1,41473,1,40523,1,41280,-1,0
2011.03.31,00:00:00,1,41275,1,42333,1,41165,1,41575,-1,0
2011.04.01,00:00:00,1,41655,1,42453,1,40620,1,42368,-1,0
2011.04.04,00:00:00,1,42325,1,42690,1,41928,1,42205,-1,0
2011.04.05,00:00:00,1,42213,1,42455,1,41518,1,42228,-1,0
2011.04.06,00:00:00,1,42230,1,43493,1,42090,1,43318,-1,0
2011.04.07,00:00:00,1,43340,1,43368,1,42433,1,43080,-1,0
2011.04.08,00:00:00,1,43058,1,44880,1,42915,1,44833,-1,0
2011.04.11,00:00:00,1,44638,1,44833,1,44213,1,44355,-1,0
2011.04.12,00:00:00,1,44340,1,45193,1,43778,1,44770,-1,0
2011.04.13,00:00:00,1,44730,1,45203,1,44138,1,44428,-1,0
2011.04.14,00:00:00,1,44410,1,45148,1,43655,1,44878,-1,0
2011.04.15,00:00:00,1,44885,1,45038,1,43908,1,44303,-1,0
2011.04.18,00:00:00,1,44168,1,44208,1,41580,1,42338,-1,0
2011.04.19,00:00:00,1,42325,1,43525,1,42055,1,43345,-1,0
2011.04.20,00:00:00,1,43380,1,45475,1,43285,1,45225,-1,0
2011.04.21,00:00:00,1,45198,1,46485,1,45055,1,45525,-1,0
2011.04.22,00:00:00,1,45528,1,45885,1,45345,1,45618,-1,0
2011.04.25,00:00:00,1,45600,1,46275,1,45255,1,45805,-1,0
2011.04.26,00:00:00,1,45820,1,46575,1,44938,1,46440,-1,0
2011.04.27,00:00:00,1,46443,1,47953,1,46330,1,47878,-1,0
2011.04.28,00:00:00,1,47788,1,48823,1,47690,1,48225,-1,0
2011.04.29,00:00:00,1,48233,1,48778,1,48043,1,48078,-1,0
2011.05.02,00:00:00,1,48280,1,49020,1,47635,1,48303,-1,0
2011.05.03,00:00:00,1,48270,1,48898,1,47550,1,48258,-1,0
2011.05.04,00:00:00,1,48285,1,49400,1,47755,1,48275,-1,0
2011.05.05,00:00:00,1,48245,1,48993,1,45105,1,45388,-1,0
2011.05.06,00:00:00,1,45415,1,45878,1,43113,1,43158,-1,0
2011.05.09,00:00:00,1,43688,1,44415,1,42548,1,43655,-1,0
2011.05.10,00:00:00,1,43655,1,44130,1,42710,1,44095,-1,0
2011.05.11,00:00:00,1,44078,1,44233,1,41725,1,41923,-1,0
2011.05.12,00:00:00,1,41973,1,42768,1,41238,1,42463,-1,0
2011.05.13,00:00:00,1,42453,1,43393,1,40670,1,41185,-1,0
2011.05.16,00:00:00,1,40905,1,42448,1,40485,1,41560,-1,0
2011.05.17,00:00:00,1,41538,1,42385,1,41210,1,42373,-1,0
2011.05.18,00:00:00,1,42360,1,42870,1,41953,1,42493,-1,0
2011.05.19,00:00:00,1,42445,1,43250,1,42065,1,43103,-1,0
2011.05.20,00:00:00,1,43143,1,43458,1,41338,1,41613,-1,0
2011.05.23,00:00:00,1,41443,1,41443,1,39698,1,40475,-1,0
2011.05.24,00:00:00,1,40498,1,41333,1,40028,1,41000,-1,0
2011.05.25,00:00:00,1,41020,1,41185,1,40135,1,40878,-1,0
2011.05.26,00:00:00,1,40870,1,42065,1,40685,1,41445,-1,0
2011.05.27,00:00:00,1,41400,1,43238,1,41263,1,43190,-1,0
2011.05.30,00:00:00,1,43098,1,43208,1,42573,1,42815,-1,0
2011.05.31,00:00:00,1,42833,1,44240,1,42798,1,43960,-1,0
2011.06.01,00:00:00,1,43958,1,44588,1,43213,1,43283,-1,0
2011.06.02,00:00:00,1,43140,1,45138,1,43108,1,44913,-1,0
2011.06.03,00:00:00,1,44918,1,46428,1,44508,1,46348,-1,0
2011.06.06,00:00:00,1,46215,1,46583,1,45575,1,45758,-1,0
2011.06.07,00:00:00,1,45743,1,46958,1,45640,1,46913,-1,0
2011.06.08,00:00:00,1,46898,1,46938,1,45645,1,45833,-1,0
2011.06.09,00:00:00,1,45788,1,46533,1,44780,1,45108,-1,0
2011.06.10,00:00:00,1,45068,1,45510,1,43225,1,43468,-1,0
2011.06.13,00:00:00,1,43283,1,44305,1,43215,1,44133,-1,0
2011.06.14,00:00:00,1,44158,1,44975,1,43785,1,44400,-1,0
2011.06.15,00:00:00,1,44405,1,44515,1,41565,1,41793,-1,0
2011.06.16,00:00:00,1,41703,1,42195,1,40738,1,42053,-1,0
2011.06.17,00:00:00,1,42103,1,43393,1,41278,1,43053,-1,0
2011.06.20,00:00:00,1,42878,1,43273,1,41918,1,43043,-1,0
2011.06.21,00:00:00,1,43073,1,44228,1,43038,1,44115,-1,0
2011.06.22,00:00:00,1,44113,1,44418,1,43418,1,43555,-1,0
2011.06.23,00:00:00,1,43543,1,43545,1,41273,1,42565,-1,0
2011.06.24,00:00:00,1,42620,1,43068,1,41420,1,41885,-1,0
2011.06.27,00:00:00,1,41883,1,42935,1,41030,1,42870,-1,0
2011.06.28,00:00:00,1,42855,1,43973,1,42373,1,43710,-1,0
2011.06.29,00:00:00,1,43690,1,44483,1,43315,1,44350,-1,0
2011.06.30,00:00:00,1,44353,1,45378,1,44275,1,45020,-1,0
2011.07.01,00:00:00,1,45045,1,45518,1,44368,1,45268,-1,0
2011.07.04,00:00:00,1,45405,1,45778,1,44958,1,45393,-1,0
2011.07.05,00:00:00,1,45403,1,45535,1,43968,1,44290,-1,0
2011.07.06,00:00:00,1,44240,1,44668,1,42865,1,43190,-1,0
2011.07.07,00:00:00,1,43168,1,43743,1,42213,1,43635,-1,0
2011.07.08,00:00:00,1,43623,1,43690,1,42068,1,42650,-1,0
2011.07.11,00:00:00,1,42165,1,42275,1,39865,1,40283,-1,0
2011.07.12,00:00:00,1,40298,1,40618,1,38373,1,39763,-1,0
2011.07.13,00:00:00,1,39705,1,41925,1,39518,1,41685,-1,0
2011.07.14,00:00:00,1,41763,1,42820,1,41158,1,41428,-1,0
2011.07.15,00:00:00,1,41458,1,41988,1,40925,1,41578,-1,0
2011.07.18,00:00:00,1,41258,1,41340,1,40148,1,41125,-1,0
2011.07.19,00:00:00,1,41105,1,42173,1,40693,1,41553,-1,0
2011.07.20,00:00:00,1,41570,1,42393,1,41335,1,42158,-1,0
2011.07.21,00:00:00,1,42185,1,44343,1,41393,1,44248,-1,0
2011.07.22,00:00:00,1,44278,1,44378,1,43245,1,43588,-1,0
2011.07.25,00:00:00,1,43938,1,44175,1,43253,1,43768,-1,0
2011.07.26,00:00:00,1,43755,1,45255,1,43575,1,45115,-1,0
2011.07.27,00:00:00,1,45123,1,45360,1,43390,1,43688,-1,0
2011.07.28,00:00:00,1,43668,1,44005,1,42545,1,43338,-1,0
2011.07.29,00:00:00,1,43318,1,44133,1,42303,1,43988,-1,0
2011.08.01,00:00:00,1,43653,1,44535,1,41858,1,42500,-1,0
2011.08.02,00:00:00,1,42505,1,42828,1,41515,1,42043,-1,0
2011.08.03,00:00:00,1,41935,1,43445,1,41438,1,43235,-1,0
2011.08.04,00:00:00,1,43243,1,43715,1,40888,1,40920,-1,0
2011.08.05,00:00:00,1,41025,1,42978,1,40563,1,42820,-1,0
2011.08.08,00:00:00,1,44005,1,44015,1,41303,1,41780,-1,0
2011.08.09,00:00:00,1,41728,1,43765,1,41525,1,43750,-1,0
2011.08.10,00:00:00,1,43730,1,44013,1,41623,1,41778,-1,0
2011.08.11,00:00:00,1,41735,1,42943,1,41038,1,42405,-1,0
2011.08.12,00:00:00,1,42430,1,42915,1,41503,1,42480,-1,0
2011.08.15,00:00:00,1,42575,1,44773,1,42563,1,44448,-1,0
2011.08.16,00:00:00,1,44443,1,44725,1,43548,1,44075,-1,0
2011.08.17,00:00:00,1,44100,1,45175,1,43250,1,44260,-1,0
2011.08.18,00:00:00,1,44243,1,44518,1,42713,1,43325,-1,0
2011.08.19,00:00:00,1,43283,1,44525,1,42590,1,43968,-1,0
2011.08.22,00:00:00,1,43753,1,44343,1,43475,1,43583,-1,0
2011.08.23,00:00:00,1,43623,1,44998,1,43538,1,44408,-1,0
2011.08.24,00:00:00,1,44370,1,44818,1,43815,1,44143,-1,0
2011.08.25,00:00:00,1,44165,1,44743,1,43283,1,43798,-1,0
2011.08.26,00:00:00,1,43798,1,45015,1,43290,1,44990,-1,0
2011.08.29,00:00:00,1,45030,1,45495,1,44663,1,45110,-1,0
2011.08.30,00:00:00,1,45113,1,45338,1,43850,1,44418,-1,0
2011.08.31,00:00:00,1,44468,1,44688,1,43593,1,43695,-1,0
2011.09.01,00:00:00,1,43785,1,43853,1,42268,1,42595,-1,0
2011.09.02,00:00:00,1,42623,1,42878,1,41845,1,42053,-1,0
2011.09.05,00:00:00,1,41680,1,41740,1,40608,1,40978,-1,0
2011.09.06,00:00:00,1,40953,1,42835,1,39725,1,39980,-1,0
2011.09.07,00:00:00,1,39973,1,41488,1,39923,1,40980,-1,0
2011.09.08,00:00:00,1,40985,1,40993,1,38728,1,38828,-1,0
2011.09.09,00:00:00,1,38850,1,39368,1,36275,1,36568,-1,0
2011.09.12,00:00:00,1,35963,1,36948,1,34995,1,36783,-1,0
2011.09.13,00:00:00,1,36690,1,37393,1,35583,1,36783,-1,0
2011.09.14,00:00:00,1,36795,1,37835,1,35918,1,37550,-1,0
2011.09.15,00:00:00,1,37455,1,39368,1,37038,1,38773,-1,0
2011.09.16,00:00:00,1,38838,1,38933,1,37543,1,37955,-1,0
2011.09.19,00:00:00,1,37078,1,37208,1,35870,1,36850,-1,0
2011.09.20,00:00:00,1,36855,1,37445,1,35935,1,37018,-1,0
2011.09.21,00:00:00,1,37053,1,37983,1,35635,1,35725,-1,0
2011.09.22,00:00:00,1,35613,1,36008,1,33860,1,34643,-1,0
2011.09.23,00:00:00,1,34585,1,35673,1,34188,1,35005,-1,0
2011.09.26,00:00:00,1,35243,1,35508,1,33633,1,35328,-1,0
2011.09.27,00:00:00,1,35425,1,36683,1,34798,1,35833,-1,0
2011.09.28,00:00:00,1,35925,1,36900,1,35333,1,35420,-1,0
2011.09.29,00:00:00,1,35393,1,36788,1,35198,1,35970,-1,0
2011.09.30,00:00:00,1,35930,1,36010,1,33840,1,33880,-1,0
2011.10.03,00:00:00,1,33533,1,33813,1,31678,1,31768,-1,0
2011.10.04,00:00:00,1,31705,1,33693,1,31458,1,33493,-1,0
2011.10.05,00:00:00,1,33465,1,33840,1,32605,1,33480,-1,0
2011.10.06,00:00:00,1,33465,1,34505,1,32423,1,34375,-1,0
2011.10.07,00:00:00,1,34365,1,35248,1,33618,1,33775,-1,0
2011.10.10,00:00:00,1,33965,1,36985,1,33780,1,36425,-1,0
2011.10.11,00:00:00,1,36425,1,36838,1,35655,1,36395,-1,0
2011.10.12,00:00:00,1,36440,1,38333,1,35830,1,37918,-1,0
2011.10.13,00:00:00,1,37860,1,38263,1,36853,1,37773,-1,0
2011.10.14,00:00:00,1,37763,1,38943,1,37235,1,38823,-1,0
2011.10.17,00:00:00,1,38705,1,39145,1,37258,1,37375,-1,0
2011.10.18,00:00:00,1,37375,1,38178,1,36530,1,37520,-1,0
2011.10.19,00:00:00,1,37363,1,38690,1,37255,1,37603,-1,0
2011.10.20,00:00:00,1,37590,1,38430,1,36568,1,37798,-1,0
2011.10.21,00:00:00,1,37763,1,39013,1,37043,1,38963,-1,0
2011.10.24,00:00:00,1,38658,1,39563,1,38228,1,39290,-1,0
2011.10.25,00:00:00,1,39300,1,39603,1,38493,1,39078,-1,0
2011.10.26,00:00:00,1,39068,1,39753,1,37993,1,39065,-1,0
2011.10.27,00:00:00,1,39068,1,42470,1,38645,1,41888,-1,0
2011.10.28,00:00:00,1,41935,1,42005,1,41340,1,41478,-1,0
2011.10.31,00:00:00,1,41523,1,41705,1,38288,1,38575,-1,0
2011.11.01,00:00:00,1,38555,1,38713,1,36088,1,37038,-1,0
2011.11.02,00:00:00,1,36968,1,38278,1,36368,1,37473,-1,0
2011.11.03,00:00:00,1,37458,1,38553,1,36568,1,38228,-1,0
2011.11.04,00:00:00,1,38143,1,38723,1,37113,1,37915,-1,0
2011.11.07,00:00:00,1,38135,1,38308,1,36818,1,37763,-1,0
2011.11.08,00:00:00,1,37698,1,38473,1,37248,1,38338,-1,0
2011.11.09,00:00:00,1,38325,1,38588,1,35238,1,35425,-1,0
2011.11.10,00:00:00,1,35425,1,36530,1,34845,1,36063,-1,0
2011.11.11,00:00:00,1,36070,1,37948,1,35785,1,37495,-1,0
2011.11.14,00:00:00,1,37983,1,38015,1,35918,1,36333,-1,0
2011.11.15,00:00:00,1,36328,1,36408,1,34965,1,35395,-1,0
2011.11.16,00:00:00,1,35325,1,35573,1,34293,1,34635,-1,0
2011.11.17,00:00:00,1,34525,1,35403,1,34220,1,34580,-1,0
2011.11.18,00:00:00,1,34618,1,36143,1,34473,1,35248,-1,0
2011.11.21,00:00:00,1,35213,1,35408,1,34303,1,34893,-1,0
2011.11.22,00:00:00,1,34875,1,35685,1,34693,1,35053,-1,0
2011.11.23,00:00:00,1,35088,1,35313,1,33208,1,33425,-1,0
2011.11.24,00:00:00,1,33483,1,34115,1,33168,1,33468,-1,0
2011.11.25,00:00:00,1,33488,1,33518,1,32123,1,32385,-1,0
2011.11.28,00:00:00,1,32940,1,33988,1,32730,1,33195,-1,0
2011.11.29,00:00:00,1,33125,1,34443,1,32860,1,33165,-1,0
2011.11.30,00:00:00,1,33093,1,35323,1,32595,1,34460,-1,0
2011.12.01,00:00:00,1,34413,1,35213,1,34175,1,34618,-1,0
2011.12.02,00:00:00,1,34630,1,35488,1,33633,1,33923,-1,0
2011.12.05,00:00:00,1,34175,1,34868,1,33753,1,34010,-1,0
2011.12.06,00:00:00,1,34003,1,34278,1,33338,1,34010,-1,0
2011.12.07,00:00:00,1,34030,1,34533,1,33513,1,34118,-1,0
2011.12.08,00:00:00,1,34148,1,34595,1,32893,1,33408,-1,0
2011.12.09,00:00:00,1,33445,1,34340,1,32818,1,33870,-1,0
2011.12.12,00:00:00,1,33768,1,33773,1,31633,1,31878,-1,0
2011.12.13,00:00:00,1,31833,1,32368,1,30093,1,30368,-1,0
2011.12.14,00:00:00,1,30348,1,30645,1,29463,1,29828,-1,0
2011.12.15,00:00:00,1,29858,1,30498,1,29573,1,30158,-1,0
2011.12.16,00:00:00,1,30138,1,30843,1,29958,1,30455,-1,0
2011.12.19,00:00:00,1,30378,1,30438,1,29833,1,29983,-1,0
2011.12.20,00:00:00,1,29983,1,31318,1,29943,1,30823,-1,0
2011.12.21,00:00:00,1,30755,1,31973,1,30253,1,30475,-1,0
2011.12.22,00:00:00,1,30488,1,31193,1,30178,1,30513,-1,0
2011.12.23,00:00:00,1,30518,1,30958,1,30263,1,30458,-1,0
2011.12.26,00:00:00,1,30433,1,30825,1,30433,1,30613,-1,0
2011.12.27,00:00:00,1,30583,1,30838,1,30433,1,30708,-1,0
2011.12.28,00:00:00,1,30700,1,30803,1,29120,1,29413,-1,0
2011.12.29,00:00:00,1,29405,1,29648,1,28583,1,29615,-1,0
2011.12.30,00:00:00,1,29588,1,29988,1,29043,1,29595,-1,0
2012.01.02,00:00:00,1,29468,1,29698,1,29178,1,29348,-1,0
2012.01.03,00:00:00,1,29330,1,30768,1,29328,1,30495,-1,0
2012.01.04,00:00:00,1,30535,1,30728,1,28983,1,29430,-1,0
2012.01.05,00:00:00,1,29445,1,29468,1,27713,1,27885,-1,0
2012.01.06,00:00:00,1,27870,1,28128,1,26978,1,27168,-1,0
2012.01.09,00:00:00,1,27025,1,27855,1,26668,1,27648,-1,0
2012.01.10,00:00:00,1,27620,1,28183,1,27433,1,27778,-1,0
2012.01.11,00:00:00,1,27763,1,27898,1,26633,1,27068,-1,0
2012.01.12,00:00:00,1,27110,1,28453,1,26993,1,28145,-1,0
2012.01.13,00:00:00,1,28163,1,28783,1,26243,1,26798,-1,0
2012.01.16,00:00:00,1,26408,1,26878,1,26263,1,26668,-1,0
2012.01.17,00:00:00,1,26655,1,28088,1,26498,1,27368,-1,0
2012.01.18,00:00:00,1,27395,1,28683,1,27345,1,28638,-1,0
2012.01.19,00:00:00,1,28565,1,29713,1,28393,1,29683,-1,0
2012.01.20,00:00:00,1,29600,1,29863,1,28873,1,29310,-1,0
2012.01.23,00:00:00,1,28788,1,30528,1,28763,1,30145,-1,0
2012.01.24,00:00:00,1,30225,1,30628,1,29538,1,30358,-1,0
2012.01.25,00:00:00,1,30353,1,31208,1,29313,1,31065,-1,0
2012.01.26,00:00:00,1,31053,1,31843,1,30908,1,31088,-1,0
2012.01.27,00:00:00,1,31050,1,32343,1,30778,1,32205,-1,0
2012.01.30,00:00:00,1,32163,1,32215,1,30768,1,31435,-1,0
2012.01.31,00:00:00,1,31415,1,32133,1,30423,1,30838,-1,0
2012.02.01,00:00:00,1,30805,1,32183,1,30263,1,31608,-1,0
2012.02.02,00:00:00,1,31663,1,31968,1,30858,1,31440,-1,0
2012.02.03,00:00:00,1,31485,1,32060,1,30665,1,31575,-1,0
2012.02.06,00:00:00,1,31185,1,31415,1,30278,1,31300,-1,0
2012.02.07,00:00:00,1,31313,1,32700,1,30895,1,32608,-1,0
2012.02.08,00:00:00,1,32590,1,32888,1,32213,1,32605,-1,0
2012.02.09,00:00:00,1,32605,1,33210,1,32163,1,32858,-1,0
2012.02.10,00:00:00,1,32860,1,32908,1,31558,1,31983,-1,0
2012.02.13,00:00:00,1,32095,1,32843,1,31865,1,31868,-1,0
2012.02.14,00:00:00,1,31875,1,32158,1,30803,1,31338,-1,0
2012.02.15,00:00:00,1,31270,1,31908,1,30443,1,30663,-1,0
2012.02.16,00:00:00,1,30635,1,31588,1,29753,1,31303,-1,0
2012.02.17,00:00:00,1,31323,1,31975,1,31153,1,31395,-1,0
2012.02.20,00:00:00,1,31993,1,32768,1,31825,1,32443,-1,0
2012.02.21,00:00:00,1,32425,1,32930,1,31873,1,32345,-1,0
2012.02.22,00:00:00,1,32363,1,32668,1,32118,1,32485,-1,0
2012.02.23,00:00:00,1,32490,1,33783,1,32318,1,33728,-1,0
2012.02.24,00:00:00,1,33705,1,34863,1,33575,1,34483,-1,0
2012.02.27,00:00:00,1,34718,1,34765,1,33668,1,33973,-1,0
2012.02.28,00:00:00,1,33960,1,34713,1,33895,1,34583,-1,0
2012.02.29,00:00:00,1,34588,1,34858,1,33150,1,33248,-1,0
2012.03.01,00:00:00,1,33293,1,33563,1,32823,1,33108,-1,0
2012.03.02,00:00:00,1,33158,1,33328,1,31873,1,31980,-1,0
2012.03.05,00:00:00,1,31930,1,32413,1,31603,1,32168,-1,0
2012.03.06,00:00:00,1,32170,1,32263,1,31035,1,31123,-1,0
2012.03.07,00:00:00,1,31140,1,31643,1,30968,1,31495,-1,0
2012.03.08,00:00:00,1,31485,1,32913,1,31355,1,32740,-1,0
2012.03.09,00:00:00,1,32690,1,32780,1,30968,1,31233,-1,0
2012.03.12,00:00:00,1,31083,1,31588,1,30793,1,31548,-1,0
2012.03.13,00:00:00,1,31528,1,31915,1,30523,1,30840,-1,0
2012.03.14,00:00:00,1,30845,1,30903,1,30113,1,30325,-1,0
2012.03.15,00:00:00,1,30448,1,31195,1,30043,1,30803,-1,0
2012.03.16,00:00:00,1,30795,1,31868,1,30493,1,31748,-1,0
2012.03.19,00:00:00,1,31765,1,32653,1,31420,1,32385,-1,0
2012.03.20,00:00:00,1,32415,1,32523,1,31725,1,32253,-1,0
2012.03.21,00:00:00,1,32245,1,32853,1,31788,1,32160,-1,0
2012.03.22,00:00:00,1,32120,1,32548,1,31343,1,32008,-1,0
2012.03.23,00:00:00,1,31960,1,32935,1,31913,1,32700,-1,0
2012.03.26,00:00:00,1,32713,1,33678,1,31923,1,33590,-1,0
2012.03.27,00:00:00,1,33578,1,33858,1,33130,1,33138,-1,0
2012.03.28,00:00:00,1,33188,1,33738,1,32778,1,33170,-1,0
2012.03.29,00:00:00,1,33165,1,33458,1,32523,1,33023,-1,0
2012.03.30,00:00:00,1,33013,1,33763,1,32945,1,33428,-1,0
2012.04.02,00:00:00,1,33620,1,33803,1,32788,1,33203,-1,0
2012.04.03,00:00:00,1,33268,1,33675,1,32138,1,32335,-1,0
2012.04.04,00:00:00,1,32345,1,32393,1,31078,1,31420,-1,0
2012.04.05,00:00:00,1,31418,1,31643,1,30355,1,30653,-1,0
2012.04.06,00:00:00,1,30658,1,31123,1,30528,1,30978,-1,0
2012.04.09,00:00:00,1,31025,1,31338,1,30338,1,31058,-1,0
2012.04.10,00:00:00,1,31065,1,31443,1,30543,1,30818,-1,0
2012.04.11,00:00:00,1,30813,1,31568,1,30668,1,31098,-1,0
2012.04.12,00:00:00,1,31095,1,32125,1,31023,1,31878,-1,0
2012.04.13,00:00:00,1,31858,1,32013,1,30698,1,30783,-1,0
2012.04.16,00:00:00,1,30708,1,31478,1,29953,1,31413,-1,0
2012.04.17,00:00:00,1,31368,1,31728,1,30908,1,31263,-1,0
2012.04.18,00:00:00,1,31258,1,31408,1,30583,1,31230,-1,0
2012.04.19,00:00:00,1,31218,1,31660,1,30698,1,31373,-1,0
2012.04.20,00:00:00,1,31355,1,32270,1,31288,1,32195,-1,0
2012.04.23,00:00:00,1,31958,1,32103,1,31048,1,31568,-1,0
2012.04.24,00:00:00,1,31555,1,32183,1,31453,1,31968,-1,0
2012.04.25,00:00:00,1,31950,1,32368,1,31740,1,32173,-1,0
2012.04.26,00:00:00,1,32223,1,32628,1,31983,1,32193,-1,0
2012.04.27,00:00:00,1,32075,1,32703,1,31573,1,32538,-1,0
2012.04.30,00:00:00,1,32398,1,32668,1,32083,1,32390,-1,0
2012.05.01,00:00:00,1,32398,1,32838,1,32045,1,32368,-1,0
2012.05.02,00:00:00,1,32378,1,32418,1,31223,1,31585,-1,0
2012.05.03,00:00:00,1,31588,1,31808,1,30953,1,31523,-1,0
2012.05.04,00:00:00,1,31515,1,31788,1,30808,1,30843,-1,0
2012.05.07,00:00:00,1,30183,1,30648,1,29553,1,30505,-1,0
2012.05.08,00:00:00,1,30533,1,30658,1,29828,1,30058,-1,0
2012.05.09,00:00:00,1,30065,1,30065,1,29118,1,29290,-1,0
2012.05.10,00:00:00,1,29320,1,29798,1,29248,1,29360,-1,0
2012.05.11,00:00:00,1,29378,1,29573,1,29053,1,29175,-1,0
2012.05.14,00:00:00,1,28953,1,29043,1,28218,1,28228,-1,0
2012.05.15,00:00:00,1,28258,1,28693,1,27218,1,27295,-1,0
2012.05.16,00:00:00,1,27310,1,27593,1,26818,1,27160,-1,0
2012.05.17,00:00:00,1,27153,1,27493,1,26673,1,26985,-1,0
2012.05.18,00:00:00,1,26948,1,27945,1,26423,1,27800,-1,0
2012.05.21,00:00:00,1,27693,1,28245,1,27255,1,28175,-1,0
2012.05.22,00:00:00,1,28158,1,28173,1,26583,1,26838,-1,0
2012.05.23,00:00:00,1,26855,1,26875,1,25458,1,25820,-1,0
2012.05.24,00:00:00,1,25860,1,26203,1,25163,1,25328,-1,0
2012.05.25,00:00:00,1,25385,1,26028,1,24968,1,25168,-1,0
2012.05.28,00:00:00,1,25623,1,26243,1,25253,1,25415,-1,0
2012.05.29,00:00:00,1,25415,1,25748,1,24618,1,25030,-1,0
2012.05.30,00:00:00,1,24988,1,24995,1,23613,1,23670,-1,0
2012.05.31,00:00:00,1,23700,1,24288,1,23368,1,23655,-1,0
2012.06.01,00:00:00,1,23608,1,24580,1,22885,1,24345,-1,0
2012.06.04,00:00:00,1,24263,1,25098,1,23863,1,24993,-1,0
2012.06.05,00:00:00,1,24978,1,25425,1,24103,1,24525,-1,0
2012.06.06,00:00:00,1,24535,1,25858,1,24410,1,25810,-1,0
2012.06.07,00:00:00,1,25728,1,26253,1,25403,1,25605,-1,0
2012.06.08,00:00:00,1,25605,1,25748,1,24355,1,25185,-1,0
2012.06.11,00:00:00,1,26355,1,26683,1,24808,1,24828,-1,0
2012.06.12,00:00:00,1,24703,1,25288,1,24428,1,25035,-1,0
2012.06.13,00:00:00,1,25138,1,26103,1,24743,1,25573,-1,0
2012.06.14,00:00:00,1,25568,1,26365,1,25423,1,26333,-1,0
2012.06.15,00:00:00,1,26328,1,26648,1,25923,1,26395,-1,0
2012.06.18,00:00:00,1,27005,1,27475,1,25575,1,25758,-1,0
2012.06.19,00:00:00,1,25758,1,27308,1,25690,1,26853,-1,0
2012.06.20,00:00:00,1,26875,1,27428,1,26383,1,27075,-1,0
2012.06.21,00:00:00,1,27053,1,27065,1,25318,1,25408,-1,0
2012.06.22,00:00:00,1,25428,1,25838,1,25198,1,25698,-1,0
2012.06.25,00:00:00,1,25523,1,25583,1,24713,1,25043,-1,0
2012.06.26,00:00:00,1,25040,1,25308,1,24423,1,24918,-1,0
2012.06.27,00:00:00,1,24910,1,25083,1,24458,1,24690,-1,0
2012.06.28,00:00:00,1,24700,1,25243,1,24075,1,24435,-1,0
2012.06.29,00:00:00,1,24418,1,26928,1,24333,1,26670,-1,0
2012.07.02,00:00:00,1,26763,1,26768,1,25683,1,25788,-1,0
2012.07.03,00:00:00,1,25808,1,26263,1,25593,1,26080,-1,0
2012.07.04,00:00:00,1,26068,1,26078,1,25083,1,25268,-1,0
2012.07.05,00:00:00,1,25228,1,25388,1,23643,1,23915,-1,0
2012.07.06,00:00:00,1,23935,1,24015,1,22603,1,22868,-1,0
2012.07.09,00:00:00,1,22663,1,23243,1,22565,1,23128,-1,0
2012.07.10,00:00:00,1,23178,1,23338,1,22358,1,22500,-1,0
2012.07.11,00:00:00,1,22523,1,22968,1,22133,1,22383,-1,0
2012.07.12,00:00:00,1,22378,1,22485,1,21678,1,22035,-1,0
2012.07.13,00:00:00,1,21998,1,22568,1,21628,1,22495,-1,0
2012.07.16,00:00:00,1,22613,1,22898,1,21758,1,22730,-1,0
2012.07.17,00:00:00,1,22710,1,23173,1,21893,1,22945,-1,0
2012.07.18,00:00:00,1,22908,1,23063,1,22173,1,22833,-1,0
2012.07.19,00:00:00,1,22793,1,23238,1,22293,1,22810,-1,0
2012.07.20,00:00:00,1,22793,1,22828,1,21445,1,21578,-1,0
2012.07.23,00:00:00,1,21278,1,21448,1,20675,1,21175,-1,0
2012.07.24,00:00:00,1,21190,1,21380,1,20423,1,20593,-1,0
2012.07.25,00:00:00,1,20640,1,21703,1,20538,1,21580,-1,0
2012.07.26,00:00:00,1,21520,1,23293,1,21178,1,22835,-1,0
2012.07.27,00:00:00,1,22828,1,23898,1,22418,1,23228,-1,0
2012.07.30,00:00:00,1,23043,1,23105,1,22253,1,22605,-1,0
2012.07.31,00:00:00,1,22603,1,23298,1,22493,1,23043,-1,0
2012.08.01,00:00:00,1,23020,1,23365,1,22185,1,22253,-1,0
2012.08.02,00:00:00,1,22268,1,24050,1,21343,1,21803,-1,0
2012.08.03,00:00:00,1,21845,1,23925,1,21668,1,23860,-1,0
2012.08.06,00:00:00,1,23943,1,24433,1,23418,1,24008,-1,0
2012.08.07,00:00:00,1,23978,1,24418,1,23763,1,23993,-1,0
2012.08.08,00:00:00,1,23975,1,24023,1,23268,1,23655,-1,0
2012.08.09,00:00:00,1,23628,1,23873,1,22673,1,23058,-1,0
2012.08.10,00:00:00,1,23045,1,23168,1,22418,1,22890,-1,0
2012.08.13,00:00:00,1,22908,1,23733,1,22613,1,23323,-1,0
2012.08.14,00:00:00,1,23335,1,23858,1,23173,1,23220,-1,0
2012.08.15,00:00:00,1,23205,1,23438,1,22643,1,22903,-1,0
2012.08.16,00:00:00,1,22885,1,23728,1,22563,1,23560,-1,0
2012.08.17,00:00:00,1,23563,1,23823,1,22893,1,23340,-1,0
2012.08.20,00:00:00,1,23385,1,23688,1,22953,1,23458,-1,0
2012.08.21,00:00:00,1,23460,1,24878,1,23425,1,24728,-1,0
2012.08.22,00:00:00,1,24738,1,25383,1,24313,1,25293,-1,0
2012.08.23,00:00:00,1,25293,1,25898,1,25240,1,25635,-1,0
2012.08.24,00:00:00,1,25625,1,25680,1,24818,1,25128,-1,0
2012.08.27,00:00:00,1,25103,1,25358,1,24903,1,24993,-1,0
2012.08.28,00:00:00,1,24975,1,25768,1,24655,1,25648,-1,0
2012.08.29,00:00:00,1,25645,1,25733,1,25188,1,25298,-1,0
2012.08.30,00:00:00,1,25300,1,25638,1,24878,1,25063,-1,0
2012.08.31,00:00:00,1,25083,1,26378,1,24938,1,25790,-1,0
2012.09.03,00:00:00,1,25798,1,26113,1,25603,1,25925,-1,0
2012.09.04,00:00:00,1,25935,1,26278,1,25548,1,25663,-1,0
2012.09.05,00:00:00,1,25660,1,26243,1,25018,1,26008,-1,0
2012.09.06,00:00:00,1,26033,1,26523,1,25615,1,26308,-1,0
2012.09.07,00:00:00,1,26318,1,28183,1,26265,1,28168,-1,0
2012.09.10,00:00:00,1,28090,1,28100,1,27558,1,27588,-1,0
2012.09.11,00:00:00,1,27563,1,28713,1,27553,1,28548,-1,0
2012.09.12,00:00:00,1,28510,1,29368,1,28163,1,28995,-1,0
2012.09.13,00:00:00,1,29000,1,30018,1,28568,1,29885,-1,0
2012.09.14,00:00:00,1,29878,1,31688,1,29803,1,31285,-1,0
2012.09.17,00:00:00,1,31240,1,31718,1,30838,1,31173,-1,0
2012.09.18,00:00:00,1,31130,1,31193,1,30295,1,30475,-1,0
2012.09.19,00:00:00,1,30443,1,30850,1,29933,1,30488,-1,0
2012.09.20,00:00:00,1,30498,1,30590,1,29198,1,29685,-1,0
2012.09.21,00:00:00,1,29668,1,30478,1,29558,1,29800,-1,0
2012.09.24,00:00:00,1,29838,1,29908,1,28913,1,29305,-1,0
2012.09.25,00:00:00,1,29308,1,29708,1,28865,1,29015,-1,0
2012.09.26,00:00:00,1,29058,1,29128,1,28353,1,28733,-1,0
2012.09.27,00:00:00,1,28695,1,29283,1,28293,1,29133,-1,0
2012.09.28,00:00:00,1,29128,1,29598,1,28393,1,28593,-1,0
2012.10.01,00:00:00,1,28453,1,29388,1,28038,1,28883,-1,0
2012.10.02,00:00:00,1,28868,1,29678,1,28803,1,29195,-1,0
2012.10.03,00:00:00,1,29200,1,29370,1,28778,1,29053,-1,0
2012.10.04,00:00:00,1,29040,1,30313,1,29040,1,30180,-1,0
2012.10.05,00:00:00,1,30205,1,30713,1,29943,1,30345,-1,0
2012.10.08,00:00:00,1,30255,1,30268,1,29378,1,29683,-1,0
2012.10.09,00:00:00,1,29685,1,29908,1,28588,1,28850,-1,0
2012.10.10,00:00:00,1,28808,1,29128,1,28358,1,28740,-1,0
2012.10.11,00:00:00,1,28635,1,29513,1,28258,1,29273,-1,0
2012.10.12,00:00:00,1,29295,1,29918,1,29228,1,29513,-1,0
2012.10.15,00:00:00,1,29540,1,29788,1,28908,1,29490,-1,0
2012.10.16,00:00:00,1,29463,1,30608,1,29428,1,30535,-1,0
2012.10.17,00:00:00,1,30655,1,31393,1,30650,1,31188,-1,0
2012.10.18,00:00:00,1,31193,1,31288,1,30558,1,30668,-1,0
2012.10.19,00:00:00,1,30673,1,30770,1,30133,1,30248,-1,0
2012.10.22,00:00:00,1,30200,1,30838,1,30160,1,30595,-1,0
2012.10.23,00:00:00,1,30635,1,30758,1,29523,1,29868,-1,0
2012.10.24,00:00:00,1,29838,1,29968,1,29208,1,29733,-1,0
2012.10.25,00:00:00,1,29700,1,30233,1,29273,1,29343,-1,0
2012.10.26,00:00:00,1,29345,1,29563,1,28828,1,29390,-1,0
2012.10.29,00:00:00,1,29453,1,29453,1,29153,1,29323,-1,0
2012.10.30,00:00:00,1,29010,1,29833,1,28858,1,29605,-1,0
2012.10.31,00:00:00,1,29585,1,30208,1,29468,1,29600,-1,0
2012.11.01,00:00:00,1,29580,1,29828,1,29248,1,29425,-1,0
2012.11.02,00:00:00,1,29425,1,29508,1,28218,1,28383,-1,0
2012.11.05,00:00:00,1,28238,1,28428,1,27678,1,27960,-1,0
2012.11.06,00:00:00,1,27948,1,28265,1,27638,1,28140,-1,0
2012.11.07,00:00:00,1,28123,1,28763,1,27368,1,27710,-1,0
2012.11.08,00:00:00,1,27780,1,27808,1,27173,1,27468,-1,0
2012.11.09,00:00:00,1,27473,1,27903,1,26903,1,27098,-1,0
2012.11.12,00:00:00,1,27140,1,27393,1,26978,1,27095,-1,0
2012.11.13,00:00:00,1,27088,1,27278,1,26615,1,27040,-1,0
2012.11.14,00:00:00,1,27020,1,27783,1,27005,1,27353,-1,0
2012.11.15,00:00:00,1,27330,1,28018,1,27175,1,27810,-1,0
2012.11.16,00:00:00,1,27790,1,27848,1,26908,1,27433,-1,0
2012.11.19,00:00:00,1,27428,1,28198,1,27403,1,28133,-1,0
2012.11.20,00:00:00,1,27888,1,28298,1,27653,1,28168,-1,0
2012.11.21,00:00:00,1,28163,1,28338,1,27368,1,28293,-1,0
2012.11.22,00:00:00,1,28283,1,28988,1,28270,1,28843,-1,0
2012.11.23,00:00:00,1,28810,1,29908,1,28688,1,29728,-1,0
2012.11.26,00:00:00,1,29718,1,29848,1,29443,1,29718,-1,0
2012.11.27,00:00:00,1,29953,1,30093,1,29158,1,29425,-1,0
2012.11.28,00:00:00,1,29438,1,29545,1,28803,1,29525,-1,0
2012.11.29,00:00:00,1,29548,1,30133,1,29393,1,29790,-1,0
2012.11.30,00:00:00,1,29773,1,30275,1,29688,1,29858,-1,0
2012.12.03,00:00:00,1,29940,1,30758,1,29893,1,30533,-1,0
2012.12.04,00:00:00,1,30535,1,31083,1,30463,1,30943,-1,0
2012.12.05,00:00:00,1,30923,1,31268,1,30603,1,30680,-1,0
2012.12.06,00:00:00,1,30703,1,30868,1,29508,1,29670,-1,0
2012.12.07,00:00:00,1,29670,1,29728,1,28773,1,29268,-1,0
2012.12.10,00:00:00,1,28905,1,29468,1,28863,1,29408,-1,0
2012.12.11,00:00:00,1,29445,1,30148,1,29293,1,30053,-1,0
2012.12.12,00:00:00,1,30033,1,30973,1,29958,1,30738,-1,0
2012.12.13,00:00:00,1,30728,1,31003,1,30413,1,30773,-1,0
2012.12.14,00:00:00,1,30770,1,31733,1,30663,1,31633,-1,0
2012.12.17,00:00:00,1,31733,1,31868,1,31443,1,31640,-1,0
2012.12.18,00:00:00,1,31620,1,32383,1,31560,1,32285,-1,0
2012.12.19,00:00:00,1,32270,1,33083,1,32233,1,32265,-1,0
2012.12.20,00:00:00,1,32195,1,32953,1,31890,1,32440,-1,0
2012.12.21,00:00:00,1,32478,1,32525,1,31588,1,31875,-1,0
2012.12.24,00:00:00,1,31785,1,32338,1,31715,1,31928,-1,0
2012.12.26,00:00:00,1,31813,1,32545,1,31705,1,32245,-1,0
2012.12.27,00:00:00,1,32263,1,32843,1,32018,1,32368,-1,0
2012.12.28,00:00:00,1,32403,1,32568,1,31663,1,32170,-1,0
2012.12.31,00:00:00,1,32198,1,32348,1,31723,1,31968,-1,0
2013.01.02,00:00:00,1,31983,1,32993,1,31563,1,31865,-1,0
2013.01.03,00:00:00,1,31803,1,31908,1,30468,1,30490,-1,0
2013.01.04,00:00:00,1,30490,1,30898,1,29978,1,30678,-1,0
2013.01.07,00:00:00,1,30710,1,31198,1,30168,1,31168,-1,0
2013.01.08,00:00:00,1,31225,1,31400,1,30563,1,30810,-1,0
2013.01.09,00:00:00,1,30825,1,30963,1,30368,1,30643,-1,0
2013.01.10,00:00:00,1,30605,1,32738,1,30388,1,32720,-1,0
2013.01.11,00:00:00,1,32648,1,33658,1,32483,1,33433,-1,0
2013.01.14,00:00:00,1,33558,1,34040,1,33363,1,33813,-1,0
2013.01.15,00:00:00,1,33803,1,33938,1,32635,1,33055,-1,0
2013.01.16,00:00:00,1,33075,1,33248,1,32568,1,32893,-1,0
2013.01.17,00:00:00,1,32903,1,33875,1,32703,1,33763,-1,0
2013.01.18,00:00:00,1,33720,1,33983,1,32808,1,33203,-1,0
2013.01.21,00:00:00,1,33235,1,33323,1,33003,1,33128,-1,0
2013.01.22,00:00:00,1,33163,1,33718,1,32673,1,33220,-1,0
2013.01.23,00:00:00,1,33220,1,33548,1,32645,1,33178,-1,0
2013.01.24,00:00:00,1,33168,1,33928,1,32863,1,33773,-1,0
2013.01.25,00:00:00,1,33740,1,34793,1,33498,1,34635,-1,0
2013.01.28,00:00:00,1,34645,1,34773,1,34248,1,34555,-1,0
2013.01.29,00:00:00,1,34528,1,34973,1,34143,1,34920,-1,0
2013.01.30,00:00:00,1,34890,1,35878,1,34823,1,35668,-1,0
2013.01.31,00:00:00,1,35640,1,35943,1,35413,1,35775,-1,0
2013.02.01,00:00:00,1,35790,1,37108,1,35770,1,36403,-1,0
2013.02.04,00:00:00,1,36560,1,36603,1,35053,1,35145,-1,0
2013.02.05,00:00:00,1,35155,1,35978,1,34585,1,35833,-1,0
2013.02.06,00:00:00,1,35830,1,35963,1,34935,1,35223,-1,0
2013.02.07,00:00:00,1,35228,1,35778,1,33708,1,33978,-1,0
2013.02.08,00:00:00,1,33958,1,34293,1,33533,1,33660,-1,0
2013.02.11,00:00:00,1,33685,1,34275,1,33573,1,34063,-1,0
2013.02.12,00:00:00,1,34078,1,34758,1,33643,1,34538,-1,0
2013.02.13,00:00:00,1,34530,1,35203,1,34263,1,34520,-1,0
2013.02.14,00:00:00,1,34490,1,34558,1,33153,1,33633,-1,0
2013.02.15,00:00:00,1,33663,1,33933,1,33063,1,33613,-1,0
2013.02.18,00:00:00,1,33505,1,33795,1,33218,1,33513,-1,0
2013.02.19,00:00:00,1,33540,1,33963,1,33288,1,33878,-1,0
2013.02.20,00:00:00,1,33865,1,34343,1,32713,1,32833,-1,0
2013.02.21,00:00:00,1,32845,1,32903,1,31610,1,31895,-1,0
2013.02.22,00:00:00,1,31895,1,32458,1,31453,1,31913,-1,0
2013.02.25,00:00:00,1,32033,1,33193,1,30478,1,30623,-1,0
2013.02.26,00:00:00,1,30770,1,31233,1,30183,1,30610,-1,0
2013.02.27,00:00:00,1,30630,1,31473,1,30413,1,31388,-1,0
2013.02.28,00:00:00,1,31325,1,31623,1,30533,1,30565,-1,0
2013.03.01,00:00:00,1,30555,1,31013,1,29668,1,30270,-1,0
2013.03.04,00:00:00,1,30063,1,30313,1,29823,1,30263,-1,0
2013.03.05,00:00:00,1,30238,1,30753,1,30103,1,30513,-1,0
2013.03.06,00:00:00,1,30485,1,30708,1,29653,1,29668,-1,0
2013.03.07,00:00:00,1,29740,1,31183,1,29700,1,31068,-1,0
2013.03.08,00:00:00,1,31068,1,31343,1,29553,1,30048,-1,0
2013.03.11,00:00:00,1,29908,1,30538,1,29795,1,30460,-1,0
2013.03.12,00:00:00,1,30463,1,30748,1,29913,1,30340,-1,0
2013.03.13,00:00:00,1,30285,1,30648,1,29233,1,29610,-1,0
2013.03.14,00:00:00,1,29568,1,30328,1,29113,1,30048,-1,0
2013.03.15,00:00:00,1,30038,1,31073,1,29998,1,30760,-1,0
2013.03.18,00:00:00,1,29305,1,29958,1,28823,1,29563,-1,0
2013.03.19,00:00:00,1,29525,1,29698,1,28438,1,28820,-1,0
2013.03.20,00:00:00,1,28735,1,29788,1,28568,1,29328,-1,0
2013.03.21,00:00:00,1,29348,1,29558,1,28798,1,28985,-1,0
2013.03.22,00:00:00,1,28995,1,30103,1,28883,1,29888,-1,0
2013.03.25,00:00:00,1,29613,1,30485,1,28298,1,28525,-1,0
2013.03.26,00:00:00,1,28545,1,28898,1,28278,1,28610,-1,0
2013.03.27,00:00:00,1,28535,1,28673,1,27508,1,27800,-1,0
2013.03.28,00:00:00,1,27795,1,28448,1,27553,1,28163,-1,0
2013.03.29,00:00:00,1,28183,1,28373,1,27933,1,28205,-1,0
2013.04.01,00:00:00,1,28095,1,28678,1,27713,1,28488,-1,0
2013.04.02,00:00:00,1,28438,1,28778,1,28093,1,28208,-1,0
2013.04.03,00:00:00,1,28183,1,28645,1,27898,1,28495,-1,0
2013.04.04,00:00:00,1,28433,1,29488,1,27448,1,29358,-1,0
2013.04.05,00:00:00,1,29323,1,30398,1,29008,1,29923,-1,0
2013.04.08,00:00:00,1,29925,1,30383,1,29683,1,30085,-1,0
2013.04.09,00:00:00,1,30173,1,31033,1,30053,1,30823,-1,0
2013.04.10,00:00:00,1,30815,1,31218,1,30528,1,30700,-1,0
2013.04.11,00:00:00,1,30700,1,31383,1,30438,1,31003,-1,0
2013.04.12,00:00:00,1,31050,1,31268,1,30363,1,31125,-1,0
2013.04.15,00:00:00,1,31150,1,31153,1,30223,1,30358,-1,0
2013.04.16,00:00:00,1,30475,1,32018,1,30283,1,31775,-1,0
2013.04.17,00:00:00,1,31828,1,31998,1,30013,1,30323,-1,0
2013.04.18,00:00:00,1,30315,1,30963,1,30208,1,30505,-1,0
2013.04.19,00:00:00,1,30490,1,31288,1,30458,1,30525,-1,0
2013.04.22,00:00:00,1,30718,1,30843,1,30153,1,30665,-1,0
2013.04.23,00:00:00,1,30650,1,30843,1,29728,1,29985,-1,0
2013.04.24,00:00:00,1,29993,1,30343,1,29548,1,30153,-1,0
2013.04.25,00:00:00,1,30140,1,30938,1,29888,1,30115,-1,0
2013.04.26,00:00:00,1,30118,1,30478,1,29908,1,30305,-1,0
2013.04.29,00:00:00,1,30448,1,31168,1,30318,1,30988,-1,0
2013.04.30,00:00:00,1,30995,1,31863,1,30543,1,31675,-1,0
2013.05.01,00:00:00,1,31690,1,32428,1,31608,1,31795,-1,0
2013.05.02,00:00:00,1,31858,1,32188,1,30373,1,30650,-1,0
2013.05.03,00:00:00,1,30585,1,31598,1,30328,1,31150,-1,0
2013.05.06,00:00:00,1,31230,1,31413,1,30538,1,30763,-1,0
2013.05.07,00:00:00,1,30765,1,31323,1,30678,1,30795,-1,0
2013.05.08,00:00:00,1,30775,1,31948,1,30718,1,31530,-1,0
2013.05.09,00:00:00,1,31555,1,31773,1,30108,1,30423,-1,0
2013.05.10,00:00:00,1,30380,1,30513,1,29353,1,29893,-1,0
2013.05.13,00:00:00,1,29770,1,29998,1,29413,1,29748,-1,0
2013.05.14,00:00:00,1,29748,1,30293,1,29118,1,29218,-1,0
2013.05.15,00:00:00,1,29285,1,29428,1,28433,1,28865,-1,0
2013.05.16,00:00:00,1,28853,1,29298,1,28463,1,28833,-1,0
2013.05.17,00:00:00,1,28828,1,28898,1,27963,1,28383,-1,0
2013.05.20,00:00:00,1,28390,1,29475,1,28193,1,28825,-1,0
2013.05.21,00:00:00,1,28845,1,29338,1,28413,1,29063,-1,0
2013.05.22,00:00:00,1,29088,1,29983,1,28338,1,28585,-1,0
2013.05.23,00:00:00,1,28568,1,29570,1,28215,1,29330,-1,0
2013.05.24,00:00:00,1,29325,1,29933,1,29043,1,29330,-1,0
2013.05.27,00:00:00,1,29395,1,29488,1,29155,1,29300,-1,0
2013.05.28,00:00:00,1,29330,1,29498,1,28495,1,28555,-1,0
2013.05.29,00:00:00,1,28540,1,29778,1,28383,1,29410,-1,0
2013.05.30,00:00:00,1,29405,1,30613,1,29338,1,30493,-1,0
2013.05.31,00:00:00,1,30485,1,30595,1,29443,1,29963,-1,0
2013.06.03,00:00:00,1,29940,1,31080,1,29555,1,30767,-1,0
2013.06.04,00:00:00,1,30768,1,31016,1,30423,1,30808,-1,0
2013.06.05,00:00:00,1,30825,1,31164,1,30531,1,30933,-1,0
2013.06.06,00:00:00,1,30960,1,33062,1,30751,1,32458,-1,0
2013.06.07,00:00:00,1,32450,1,32854,1,31916,1,32188,-1,0
2013.06.10,00:00:00,1,31983,1,32694,1,31776,1,32574,-1,0
2013.06.11,00:00:00,1,32571,1,33176,1,32322,1,33135,-1,0
2013.06.12,00:00:00,1,33097,1,33596,1,32656,1,33383,-1,0
2013.06.13,00:00:00,1,33333,1,33904,1,32786,1,33760,-1,0
2013.06.14,00:00:00,1,33700,1,33741,1,32949,1,33468,-1,0
2013.06.17,00:00:00,1,33478,1,33817,1,33186,1,33665,-1,0
2013.06.18,00:00:00,1,33650,1,34159,1,33257,1,33928,-1,0
2013.06.19,00:00:00,1,33968,1,34185,1,32621,1,32942,-1,0
2013.06.20,00:00:00,1,32925,1,33019,1,31614,1,32201,-1,0
2013.06.21,00:00:00,1,32213,1,32545,1,30986,1,31217,-1,0
2013.06.24,00:00:00,1,31000,1,31441,1,30589,1,31198,-1,0
2013.06.25,00:00:00,1,31197,1,31509,1,30651,1,30785,-1,0
2013.06.26,00:00:00,1,30818,1,30875,1,29848,1,30118,-1,0
2013.06.27,00:00:00,1,30105,1,30575,1,30003,1,30385,-1,0
2013.06.28,00:00:00,1,30368,1,31035,1,29912,1,30088,-1,0
2013.07.01,00:00:00,1,30145,1,30669,1,30055,1,30642,-1,0
2013.07.02,00:00:00,1,30692,1,30783,1,29636,1,29786,-1,0
2013.07.03,00:00:00,1,29788,1,30328,1,29232,1,30103,-1,0
2013.07.04,00:00:00,1,30085,1,30234,1,28828,1,29135,-1,0
2013.07.05,00:00:00,1,29138,1,29169,1,25345,1,28303,-1,0
2013.07.08,00:00:00,1,28178,1,29040,1,28118,1,28704,-1,0
2013.07.09,00:00:00,1,28668,1,28983,1,27552,1,27810,-1,0
2013.07.10,00:00:00,1,27857,1,29887,1,27648,1,29767,-1,0
2013.07.11,00:00:00,1,29873,1,32074,1,29762,1,30970,-1,0
2013.07.12,00:00:00,1,30923,1,31440,1,29993,1,30673,-1,0
2013.07.15,00:00:00,1,30740,1,30815,1,29934,1,30623,-1,0
2013.07.16,00:00:00,1,30593,1,31744,1,30511,1,31624,-1,0
2013.07.17,00:00:00,1,31563,1,31789,1,30831,1,31250,-1,0
2013.07.18,00:00:00,1,31263,1,31268,1,30663,1,31092,-1,0
2013.07.19,00:00:00,1,31118,1,31549,1,30895,1,31427,-1,0
2013.07.22,00:00:00,1,31400,1,32184,1,31360,1,31857,-1,0
2013.07.23,00:00:00,1,31855,1,32389,1,31636,1,32229,-1,0
2013.07.24,00:00:00,1,32248,1,32565,1,31767,1,32008,-1,0
2013.07.25,00:00:00,1,31983,1,32960,1,31658,1,32768,-1,0
2013.07.26,00:00:00,1,32765,1,32972,1,32528,1,32790,-1,0
2013.07.29,00:00:00,1,32788,1,32953,1,32392,1,32622,-1,0
2013.07.30,00:00:00,1,32624,1,33024,1,32345,1,32622,-1,0
2013.07.31,00:00:00,1,32628,1,33449,1,32079,1,33031,-1,0
2013.08.01,00:00:00,1,33023,1,33109,1,31938,1,32066,-1,0
2013.08.02,00:00:00,1,32100,1,32941,1,31400,1,32815,-1,0
2013.08.05,00:00:00,1,32815,1,33007,1,32328,1,32585,-1,0
2013.08.06,00:00:00,1,32585,1,33232,1,32462,1,33047,-1,0
2013.08.07,00:00:00,1,33047,1,33457,1,32657,1,33373,-1,0
2013.08.08,00:00:00,1,33383,1,34006,1,33283,1,33808,-1,0
2013.08.09,00:00:00,1,33823,1,33905,1,33328,1,33413,-1,0
2013.08.12,00:00:00,1,33363,1,33443,1,32773,1,33003,-1,0
2013.08.13,00:00:00,1,32990,1,33175,1,32336,1,32630,-1,0
2013.08.14,00:00:00,1,32640,1,32811,1,32391,1,32554,-1,0
2013.08.15,00:00:00,1,32555,1,33633,1,32055,1,33469,-1,0
2013.08.16,00:00:00,1,33473,1,33800,1,33111,1,33290,-1,0
2013.08.19,00:00:00,1,33355,1,33748,1,33153,1,33348,-1,0
2013.08.20,00:00:00,1,33380,1,34521,1,33235,1,34172,-1,0
2013.08.21,00:00:00,1,34185,1,34274,1,33354,1,33558,-1,0
2013.08.22,00:00:00,1,33525,1,33733,1,32983,1,33562,-1,0
2013.08.23,00:00:00,1,33553,1,34098,1,33335,1,33813,-1,0
2013.08.26,00:00:00,1,33870,1,34355,1,33567,1,33677,-1,0
2013.08.27,00:00:00,1,33733,1,33989,1,33226,1,33932,-1,0
2013.08.28,00:00:00,1,33928,1,33979,1,33051,1,33396,-1,0
2013.08.29,00:00:00,1,33405,1,33432,1,32193,1,32408,-1,0
2013.08.30,00:00:00,1,32375,1,32551,1,31732,1,32220,-1,0
2013.09.02,00:00:00,1,32120,1,32273,1,31837,1,31918,-1,0
2013.09.03,00:00:00,1,31940,1,31971,1,31386,1,31705,-1,0
2013.09.04,00:00:00,1,31724,1,32180,1,31572,1,32073,-1,0
2013.09.05,00:00:00,1,32050,1,32231,1,31104,1,31200,-1,0
2013.09.06,00:00:00,1,31178,1,31894,1,31049,1,31785,-1,0
2013.09.09,00:00:00,1,31762,1,32810,1,31653,1,32551,-1,0
2013.09.10,00:00:00,1,32535,1,32760,1,32304,1,32680,-1,0
2013.09.11,00:00:00,1,32685,1,33248,1,32441,1,33110,-1,0
2013.09.12,00:00:00,1,33099,1,33250,1,32566,1,32994,-1,0
2013.09.13,00:00:00,1,33016,1,33219,1,32538,1,32943,-1,0
2013.09.16,00:00:00,1,33673,1,33858,1,33301,1,33342,-1,0
2013.09.17,00:00:00,1,33380,1,33696,1,33254,1,33588,-1,0
2013.09.18,00:00:00,1,33577,1,35426,1,33382,1,35216,-1,0
2013.09.19,00:00:00,1,35171,1,35687,1,35013,1,35298,-1,0
2013.09.20,00:00:00,1,35325,1,35490,1,34980,1,35243,-1,0
2013.09.23,00:00:00,1,35430,1,35448,1,34795,1,34931,-1,0
2013.09.24,00:00:00,1,34938,1,35190,1,34644,1,34736,-1,0
2013.09.25,00:00:00,1,34730,1,35374,1,34619,1,35257,-1,0
2013.09.26,00:00:00,1,35248,1,35320,1,34724,1,34886,-1,0
2013.09.27,00:00:00,1,34880,1,35646,1,34743,1,35228,-1,0
2013.09.30,00:00:00,1,34985,1,35563,1,34777,1,35260,-1,0
2013.10.01,00:00:00,1,35261,1,35883,1,35169,1,35261,-1,0
2013.10.02,00:00:00,1,35275,1,36072,1,35047,1,35789,-1,0
2013.10.03,00:00:00,1,35820,1,36464,1,35777,1,36182,-1,0
2013.10.04,00:00:00,1,36219,1,36319,1,35385,1,35573,-1,0
2013.10.07,00:00:00,1,35648,1,36290,1,35428,1,35808,-1,0
2013.10.08,00:00:00,1,35785,1,36073,1,33533,1,35734,-1,0
2013.10.09,00:00:00,1,35732,1,36049,1,34857,1,35243,-1,0
2013.10.10,00:00:00,1,35246,1,35469,1,34877,1,35198,-1,0
2013.10.11,00:00:00,1,35218,1,35818,1,35180,1,35438,-1,0
2013.10.14,00:00:00,1,35583,1,35979,1,35455,1,35615,-1,0
2013.10.15,00:00:00,1,35626,1,35712,1,34795,1,35234,-1,0
2013.10.16,00:00:00,1,35283,1,35677,1,34729,1,35340,-1,0
2013.10.17,00:00:00,1,35318,1,36820,1,35158,1,36755,-1,0
2013.10.18,00:00:00,1,36753,1,37042,1,36595,1,36860,-1,0
2013.10.21,00:00:00,1,36838,1,36887,1,36512,1,36810,-1,0
2013.10.22,00:00:00,1,36757,1,37921,1,36622,1,37807,-1,0
2013.10.23,00:00:00,1,37820,1,37933,1,37416,1,37757,-1,0
2013.10.24,00:00:00,1,37765,1,38255,1,37646,1,38012,-1,0
2013.10.25,00:00:00,1,38013,1,38325,1,37746,1,38032,-1,0
2013.10.28,00:00:00,1,38075,1,38178,1,37752,1,37849,-1,0
2013.10.29,00:00:00,1,37867,1,38135,1,37364,1,37454,-1,0
2013.10.30,00:00:00,1,37452,1,37855,1,36958,1,37357,-1,0
2013.10.31,00:00:00,1,37368,1,37388,1,35752,1,35834,-1,0
2013.11.01,00:00:00,1,35837,1,35896,1,34801,1,34871,-1,0
2013.11.04,00:00:00,1,34890,1,35245,1,34422,1,35141,-1,0
2013.11.05,00:00:00,1,35133,1,35226,1,34492,1,34743,-1,0
2013.11.06,00:00:00,1,34738,1,35477,1,34678,1,35126,-1,0
2013.11.07,00:00:00,1,35145,1,35291,1,32951,1,34195,-1,0
2013.11.08,00:00:00,1,34180,1,34380,1,33178,1,33713,-1,0
2013.11.11,00:00:00,1,33615,1,34205,1,33448,1,34064,-1,0
2013.11.12,00:00:00,1,34078,1,34564,1,33593,1,34355,-1,0
2013.11.13,00:00:00,1,34335,1,34956,1,33902,1,34870,-1,0
2013.11.14,00:00:00,1,34880,1,34977,1,34184,1,34588,-1,0
2013.11.15,00:00:00,1,34547,1,35056,1,34323,1,34948,-1,0
2013.11.18,00:00:00,1,34963,1,35422,1,34746,1,35056,-1,0
2013.11.19,00:00:00,1,35073,1,35473,1,34878,1,35383,-1,0
2013.11.20,00:00:00,1,35360,1,35793,1,34154,1,34385,-1,0
2013.11.21,00:00:00,1,34386,1,34866,1,33995,1,34819,-1,0
2013.11.22,00:00:00,1,34815,1,35582,1,34624,1,35582,-1,0
2013.11.25,00:00:00,1,35505,1,36400,1,34903,1,35164,-1,0
2013.11.26,00:00:00,1,35190,1,35750,1,35175,1,35723,-1,0
2013.11.27,00:00:00,1,35692,1,36130,1,35579,1,35798,-1,0
2013.11.28,00:00:00,1,35763,1,36189,1,35638,1,36057,-1,0
2013.11.29,00:00:00,1,36067,1,36219,1,35806,1,35910,-1,0
2013.12.02,00:00:00,1,35840,1,36160,1,35261,1,35418,-1,0
2013.12.03,00:00:00,1,35415,1,36139,1,35246,1,35891,-1,0
2013.12.04,00:00:00,1,35910,1,36057,1,35050,1,35931,-1,0
2013.12.05,00:00:00,1,35916,1,36774,1,35433,1,36676,-1,0
2013.12.06,00:00:00,1,36714,1,37065,1,36198,1,37054,-1,0
2013.12.09,00:00:00,1,37130,1,37462,1,36670,1,37387,-1,0
2013.12.10,00:00:00,1,37376,1,37950,1,37343,1,37611,-1,0
2013.12.11,00:00:00,1,37608,1,38109,1,37404,1,37863,-1,0
2013.12.12,00:00:00,1,37868,1,38033,1,37377,1,37533,-1,0
2013.12.13,00:00:00,1,37518,1,37693,1,37091,1,37415,-1,0
2013.12.16,00:00:00,1,37325,1,37988,1,35395,1,37606,-1,0
2013.12.17,00:00:00,1,37610,1,37823,1,37232,1,37681,-1,0
2013.12.18,00:00:00,1,37688,1,38119,1,36746,1,36841,-1,0
2013.12.19,00:00:00,1,36853,1,36940,1,36495,1,36610,-1,0
2013.12.20,00:00:00,1,36630,1,37095,1,36251,1,36749,-1,0
2013.12.23,00:00:00,1,36713,1,37168,1,32725,1,36962,-1,0
2013.12.24,00:00:00,1,36990,1,37027,1,36552,1,36816,-1,0
2013.12.26,00:00:00,1,36702,1,37023,1,36659,1,36911,-1,0
2013.12.27,00:00:00,1,36916,1,38934,1,36874,1,37479,-1,0
2013.12.30,00:00:00,1,37643,1,38191,1,37284,1,38028,-1,0
2013.12.31,00:00:00,1,37979,1,38127,1,37444,1,37458,-1,0
2014.01.02,00:00:00,1,37646,1,37760,1,36297,1,36718,-1,0
2014.01.03,00:00:00,1,36671,1,36721,1,35826,1,35888,-1,0
2014.01.06,00:00:00,1,35933,1,36693,1,35715,1,36282,-1,0
2014.01.07,00:00:00,1,37200,1,37200,1,35966,1,36156,-1,0
2014.01.08,00:00:00,1,36155,1,36352,1,35536,1,35757,-1,0
2014.01.09,00:00:00,1,35785,1,36334,1,35483,1,36081,-1,0
2014.01.10,00:00:00,1,36060,1,36875,1,34513,1,36697,-1,0
2014.01.13,00:00:00,1,36725,1,36850,1,36374,1,36712,-1,0
2014.01.14,00:00:00,1,36697,1,36996,1,36491,1,36792,-1,0
2014.01.15,00:00:00,1,36786,1,36799,1,35813,1,36050,-1,0
2014.01.16,00:00:00,1,36053,1,36497,1,35833,1,36200,-1,0
2014.01.17,00:00:00,1,36177,1,36213,1,35171,1,35413,-1,0
2014.01.20,00:00:00,1,35368,1,36143,1,35078,1,35520,-1,0
2014.01.21,00:00:00,1,35560,1,35693,1,35165,1,35609,-1,0
2014.01.22,00:00:00,1,35613,1,35841,1,35347,1,35474,-1,0
2014.01.23,00:00:00,1,35473,1,36986,1,35304,1,36960,-1,0
2014.01.24,00:00:00,1,36944,1,37397,1,36628,1,36771,-1,0
2014.01.27,00:00:00,1,36788,1,37167,1,36532,1,36736,-1,0
2014.01.28,00:00:00,1,36747,1,36886,1,36291,1,36710,-1,0
2014.01.29,00:00:00,1,36562,1,36849,1,36031,1,36635,-1,0
2014.01.30,00:00:00,1,35850,1,36656,1,35435,1,35543,-1,0
2014.01.31,00:00:00,1,35557,1,35739,1,34791,1,34870,-1,0
2014.02.03,00:00:00,1,34853,1,35356,1,34771,1,35254,-1,0
2014.02.04,00:00:00,1,35293,1,35389,1,34933,1,35183,-1,0
2014.02.05,00:00:00,1,35142,1,35557,1,34989,1,35331,-1,0
2014.02.06,00:00:00,1,35332,1,36190,1,34823,1,35900,-1,0
2014.02.07,00:00:00,1,35915,1,36448,1,35520,1,36350,-1,0
2014.02.10,00:00:00,1,36190,1,36517,1,36178,1,36455,-1,0
2014.02.11,00:00:00,1,36455,1,36831,1,36295,1,36382,-1,0
2014.02.12,00:00:00,1,36390,1,36528,1,35623,1,35932,-1,0
2014.02.13,00:00:00,1,35941,1,36925,1,35850,1,36799,-1,0
2014.02.14,00:00:00,1,36785,1,37152,1,36737,1,36924,-1,0
2014.02.17,00:00:00,1,37044,1,37244,1,36921,1,37069,-1,0
2014.02.18,00:00:00,1,37073,1,37707,1,36945,1,37589,-1,0
2014.02.19,00:00:00,1,37597,1,37733,1,37243,1,37331,-1,0
2014.02.20,00:00:00,1,37365,1,37627,1,36856,1,37187,-1,0
2014.02.21,00:00:00,1,37187,1,37588,1,37020,1,37393,-1,0
2014.02.24,00:00:00,1,37383,1,37726,1,37084,1,37349,-1,0
2014.02.25,00:00:00,1,37338,1,37674,1,37154,1,37451,-1,0
2014.02.26,00:00:00,1,37416,1,37574,1,36618,1,36866,-1,0
2014.02.27,00:00:00,1,36858,1,37268,1,36432,1,37102,-1,0
2014.02.28,00:00:00,1,37081,1,38249,1,36943,1,38021,-1,0
2014.03.03,00:00:00,1,37770,1,37927,1,37262,1,37348,-1,0
2014.03.04,00:00:00,1,37343,1,37818,1,37207,1,37432,-1,0
2014.03.05,00:00:00,1,37431,1,37497,1,37073,1,37336,-1,0
2014.03.06,00:00:00,1,37363,1,38733,1,37214,1,38610,-1,0
2014.03.07,00:00:00,1,38623,1,39153,1,38522,1,38766,-1,0
2014.03.10,00:00:00,1,38762,1,38979,1,38617,1,38764,-1,0
2014.03.11,00:00:00,1,38768,1,38788,1,38339,1,38599,-1,0
2014.03.12,00:00:00,1,38598,1,39144,1,38435,1,39033,-1,0
2014.03.13,00:00:00,1,39050,1,39669,1,38457,1,38693,-1,0
2014.03.14,00:00:00,1,38699,1,39379,1,38478,1,39140,-1,0
2014.03.17,00:00:00,1,39125,1,39479,1,38792,1,39219,-1,0
2014.03.18,00:00:00,1,39228,1,39433,1,38800,1,39342,-1,0
2014.03.19,00:00:00,1,39318,1,39345,1,38098,1,38328,-1,0
2014.03.20,00:00:00,1,38292,1,38452,1,37495,1,37786,-1,0
2014.03.21,00:00:00,1,37780,1,38109,1,37658,1,37925,-1,0
2014.03.24,00:00:00,1,38063,1,38760,1,37604,1,38389,-1,0
2014.03.25,00:00:00,1,38367,1,38472,1,37493,1,38266,-1,0
2014.03.26,00:00:00,1,38244,1,38278,1,37766,1,37792,-1,0
2014.03.27,00:00:00,1,37848,1,37970,1,37285,1,37406,-1,0
2014.03.28,00:00:00,1,37418,1,37733,1,37048,1,37517,-1,0
2014.03.31,00:00:00,1,37608,1,38090,1,37218,1,37689,-1,0
2014.04.01,00:00:00,1,37720,1,38158,1,37693,1,37929,-1,0
2014.04.02,00:00:00,1,37919,1,38205,1,37533,1,37674,-1,0
2014.04.03,00:00:00,1,37644,1,38072,1,36982,1,37201,-1,0
2014.04.04,00:00:00,1,37185,1,37316,1,36728,1,37029,-1,0
2014.04.07,00:00:00,1,36988,1,37491,1,36964,1,37416,-1,0
2014.04.08,00:00:00,1,37420,1,38117,1,37374,1,37970,-1,0
2014.04.09,00:00:00,1,37969,1,38621,1,37801,1,38553,-1,0
2014.04.10,00:00:00,1,38538,1,38993,1,38361,1,38862,-1,0
2014.04.11,00:00:00,1,38884,1,39060,1,38635,1,38842,-1,0
2014.04.14,00:00:00,1,38538,1,38635,1,38084,1,38207,-1,0
2014.04.15,00:00:00,1,38194,1,38334,1,37902,1,38146,-1,0
2014.04.16,00:00:00,1,38134,1,38512,1,38035,1,38153,-1,0
2014.04.17,00:00:00,1,38161,1,38650,1,38111,1,38138,-1,0
2014.04.18,00:00:00,1,38149,1,38226,1,38086,1,38109,-1,0
2014.04.21,00:00:00,1,38165,1,38309,1,37873,1,37928,-1,0
2014.04.22,00:00:00,1,37936,1,38248,1,37852,1,38052,-1,0
2014.04.23,00:00:00,1,38057,1,38548,1,38004,1,38169,-1,0
2014.04.24,00:00:00,1,38159,1,38437,1,37915,1,38317,-1,0
2014.04.25,00:00:00,1,38298,1,38484,1,38270,1,38351,-1,0
2014.04.28,00:00:00,1,38414,1,38795,1,38148,1,38512,-1,0
2014.04.29,00:00:00,1,38542,1,38793,1,38057,1,38119,-1,0
2014.04.30,00:00:00,1,38114,1,38769,1,37733,1,38672,-1,0
2014.05.01,00:00:00,1,38667,1,38893,1,38628,1,38693,-1,0
2014.05.02,00:00:00,1,38682,1,38817,1,38123,1,38703,-1,0
2014.05.05,00:00:00,1,38773,1,38866,1,38646,1,38754,-1,0
2014.05.06,00:00:00,1,38747,1,39514,1,38723,1,39278,-1,0
2014.05.07,00:00:00,1,39276,1,39388,1,39102,1,39102,-1,0
2014.05.08,00:00:00,1,39114,1,39939,1,38330,1,38399,-1,0
2014.05.09,00:00:00,1,38385,1,38446,1,37449,1,37581,-1,0
2014.05.12,00:00:00,1,37575,1,37750,1,37495,1,37574,-1,0
2014.05.13,00:00:00,1,37580,1,37716,1,36890,1,37034,-1,0
2014.05.14,00:00:00,1,37033,1,37309,1,36981,1,37146,-1,0
2014.05.15,00:00:00,1,37130,1,37328,1,36485,1,37093,-1,0
2014.05.16,00:00:00,1,37098,1,37268,1,36855,1,36939,-1,0
2014.05.19,00:00:00,1,36963,1,37344,1,36951,1,37092,-1,0
2014.05.20,00:00:00,1,37106,1,37139,1,36781,1,37015,-1,0
2014.05.21,00:00:00,1,37001,1,37236,1,36341,1,36867,-1,0
2014.05.22,00:00:00,1,36865,1,36881,1,36454,1,36558,-1,0
2014.05.23,00:00:00,1,36559,1,36575,1,36157,1,36287,-1,0
2014.05.26,00:00:00,1,36252,1,36545,1,36157,1,36457,-1,0
2014.05.27,00:00:00,1,36452,1,36686,1,36128,1,36346,-1,0
2014.05.28,00:00:00,1,36354,1,36379,1,35887,1,35910,-1,0
2014.05.29,00:00:00,1,35925,1,36258,1,35863,1,36019,-1,0
2014.05.30,00:00:00,1,36033,1,36503,1,35986,1,36344,-1,0
2014.06.02,00:00:00,1,36323,1,36362,1,35880,1,35967,-1,0
2014.06.03,00:00:00,1,35984,1,36480,1,35863,1,36276,-1,0
2014.06.04,00:00:00,1,36278,1,36390,1,35966,1,35987,-1,0
2014.06.05,00:00:00,1,36004,1,36700,1,35031,1,36605,-1,0
2014.06.06,00:00:00,1,36631,1,36773,1,36211,1,36431,-1,0
2014.06.09,00:00:00,1,36455,1,36689,1,35826,1,35939,-1,0
2014.06.10,00:00:00,1,35932,1,36020,1,35336,1,35478,-1,0
2014.06.11,00:00:00,1,35456,1,35573,1,35216,1,35315,-1,0
2014.06.12,00:00:00,1,35334,1,35722,1,35124,1,35522,-1,0
2014.06.13,00:00:00,1,35516,1,35791,1,35211,1,35388,-1,0
2014.06.16,00:00:00,1,35408,1,35798,1,35129,1,35736,-1,0
2014.06.17,00:00:00,1,35728,1,35872,1,35363,1,35470,-1,0
2014.06.18,00:00:00,1,35466,1,35996,1,35418,1,35955,-1,0
2014.06.19,00:00:00,1,35904,1,36437,1,35844,1,36077,-1,0
2014.06.20,00:00:00,1,36065,1,36342,1,35644,1,35999,-1,0
2014.06.23,00:00:00,1,35957,1,36136,1,35742,1,36047,-1,0
2014.06.24,00:00:00,1,36027,1,36277,1,35836,1,36061,-1,0
2014.06.25,00:00:00,1,36066,1,36513,1,36006,1,36287,-1,0
2014.06.26,00:00:00,1,36307,1,36414,1,35761,1,36117,-1,0
2014.06.27,00:00:00,1,36122,1,36509,1,36100,1,36504,-1,0
2014.06.30,00:00:00,1,36455,1,36978,1,36404,1,36922,-1,0
2014.07.01,00:00:00,1,36929,1,37006,1,36757,1,36791,-1,0
2014.07.02,00:00:00,1,36803,1,36825,1,36418,1,36593,-1,0
2014.07.03,00:00:00,1,36574,1,36648,1,35962,1,36102,-1,0
2014.07.04,00:00:00,1,36099,1,36113,1,35854,1,35944,-1,0
2014.07.07,00:00:00,1,35968,1,36093,1,35760,1,36048,-1,0
2014.07.08,00:00:00,1,36050,1,36175,1,35881,1,36120,-1,0
2014.07.09,00:00:00,1,36114,1,36487,1,36024,1,36415,-1,0
2014.07.10,00:00:00,1,36418,1,36508,1,35893,1,36089,-1,0
2014.07.11,00:00:00,1,36079,1,36249,1,35918,1,36075,-1,0
2014.07.14,00:00:00,1,36060,1,36403,1,35975,1,36191,-1,0
2014.07.15,00:00:00,1,36208,1,36282,1,35621,1,35678,-1,0
2014.07.16,00:00:00,1,35689,1,35714,1,35208,1,35251,-1,0
2014.07.17,00:00:00,1,35244,1,35406,1,35166,1,35261,-1,0
2014.07.18,00:00:00,1,35259,1,35361,1,34911,1,35251,-1,0
2014.07.21,00:00:00,1,35268,1,35493,1,35131,1,35236,-1,0
2014.07.22,00:00:00,1,35235,1,35297,1,34590,1,34658,-1,0
2014.07.23,00:00:00,1,34658,1,34743,1,34552,1,34635,-1,0
2014.07.24,00:00:00,1,34599,1,34850,1,34382,1,34636,-1,0
2014.07.25,00:00:00,1,34636,1,34757,1,34213,1,34297,-1,0
2014.07.28,00:00:00,1,34321,1,34441,1,34270,1,34398,-1,0
2014.07.29,00:00:00,1,34394,1,34447,1,34043,1,34088,-1,0
2014.07.30,00:00:00,1,34109,1,34154,1,33669,1,33970,-1,0
2014.07.31,00:00:00,1,33962,1,34006,1,33715,1,33905,-1,0
2014.08.01,00:00:00,1,33892,1,34449,1,33786,1,34275,-1,0
2014.08.04,00:00:00,1,34275,1,34313,1,34096,1,34219,-1,0
2014.08.05,00:00:00,1,34224,1,34248,1,33584,1,33762,-1,0
2014.08.06,00:00:00,1,33744,1,33870,1,33331,1,33826,-1,0
2014.08.07,00:00:00,1,33855,1,33940,1,33372,1,33636,-1,0
2014.08.08,00:00:00,1,33626,1,34327,1,33436,1,34091,-1,0
2014.08.11,00:00:00,1,34073,1,34120,1,33804,1,33850,-1,0
2014.08.12,00:00:00,1,33848,1,33863,1,33361,1,33694,-1,0
2014.08.13,00:00:00,1,33679,1,34158,1,33424,1,33645,-1,0
2014.08.14,00:00:00,1,33647,1,34079,1,33486,1,33650,-1,0
2014.08.15,00:00:00,1,33672,1,34119,1,33589,1,34010,-1,0
2014.08.18,00:00:00,1,33970,1,33993,1,33531,1,33635,-1,0
2014.08.19,00:00:00,1,33632,1,33634,1,33133,1,33199,-1,0
2014.08.20,00:00:00,1,33197,1,33246,1,32554,1,32595,-1,0
2014.08.21,00:00:00,1,32598,1,32886,1,32421,1,32809,-1,0
2014.08.22,00:00:00,1,32814,1,32967,1,32208,1,32426,-1,0
2014.08.25,00:00:00,1,32020,1,32105,1,31838,1,31922,-1,0
2014.08.26,00:00:00,1,31925,1,32152,1,31647,1,31675,-1,0
2014.08.27,00:00:00,1,31687,1,32100,1,31528,1,31930,-1,0
2014.08.28,00:00:00,1,31935,1,32209,1,31596,1,31822,-1,0
2014.08.29,00:00:00,1,31839,1,31963,1,31317,1,31320,-1,0
2014.09.01,00:00:00,1,31313,1,31456,1,31192,1,31287,-1,0
2014.09.02,00:00:00,1,31273,1,31369,1,31103,1,31332,-1,0
2014.09.03,00:00:00,1,31320,1,31600,1,31223,1,31504,-1,0
2014.09.04,00:00:00,1,31501,1,31542,1,29201,1,29438,-1,0
2014.09.05,00:00:00,1,29392,1,29893,1,29221,1,29516,-1,0
2014.09.08,00:00:00,1,29573,1,29591,1,28814,1,28947,-1,0
2014.09.09,00:00:00,1,28957,1,29575,1,28594,1,29377,-1,0
2014.09.10,00:00:00,1,29409,1,29630,1,28838,1,29169,-1,0
2014.09.11,00:00:00,1,29147,1,29520,1,28972,1,29243,-1,0
2014.09.12,00:00:00,1,29212,1,29794,1,29089,1,29632,-1,0
2014.09.15,00:00:00,1,29691,1,29704,1,29088,1,29402,-1,0
2014.09.16,00:00:00,1,29403,1,29955,1,29224,1,29598,-1,0
2014.09.17,00:00:00,1,29618,1,29815,1,28523,1,28650,-1,0
2014.09.18,00:00:00,1,28623,1,29309,1,28346,1,29233,-1,0
2014.09.19,00:00:00,1,29177,1,29290,1,28280,1,28291,-1,0
2014.09.22,00:00:00,1,28310,1,28679,1,28164,1,28494,-1,0
2014.09.23,00:00:00,1,28489,1,29013,1,28427,1,28465,-1,0
2014.09.24,00:00:00,1,28483,1,28639,1,27743,1,27805,-1,0
2014.09.25,00:00:00,1,27798,1,27834,1,26967,1,27506,-1,0
2014.09.26,00:00:00,1,27492,1,27608,1,26769,1,26828,-1,0
2014.09.29,00:00:00,1,26825,1,27151,1,26638,1,26855,-1,0
2014.09.30,00:00:00,1,26878,1,27024,1,25712,1,26307,-1,0
2014.10.01,00:00:00,1,26298,1,26397,1,25837,1,26227,-1,0
2014.10.02,00:00:00,1,26173,1,26990,1,26137,1,26689,-1,0
2014.10.03,00:00:00,1,26700,1,26748,1,25007,1,25150,-1,0
2014.10.06,00:00:00,1,25145,1,26749,1,25090,1,26553,-1,0
2014.10.07,00:00:00,1,26568,1,26821,1,25838,1,26689,-1,0
2014.10.08,00:00:00,1,26657,1,27489,1,26224,1,27338,-1,0
2014.10.09,00:00:00,1,27321,1,27915,1,26636,1,26908,-1,0
2014.10.10,00:00:00,1,26910,1,27166,1,26056,1,26301,-1,0
2014.10.13,00:00:00,1,26250,1,27615,1,26215,1,27519,-1,0
2014.10.14,00:00:00,1,27539,1,27588,1,26401,1,26579,-1,0
2014.10.15,00:00:00,1,26578,1,28873,1,26248,1,28376,-1,0
2014.10.16,00:00:00,1,28289,1,28451,1,27059,1,28095,-1,0
2014.10.17,00:00:00,1,28093,1,28370,1,27442,1,27608,-1,0
2014.10.20,00:00:00,1,27571,1,28170,1,27313,1,28003,-1,0
2014.10.21,00:00:00,1,27991,1,28405,1,27143,1,27157,-1,0
2014.10.22,00:00:00,1,27160,1,27398,1,26373,1,26483,-1,0
2014.10.23,00:00:00,1,26448,1,26769,1,26138,1,26464,-1,0
2014.10.24,00:00:00,1,26488,1,26959,1,26351,1,26703,-1,0
2014.10.27,00:00:00,1,26770,1,27235,1,26658,1,26986,-1,0
2014.10.28,00:00:00,1,26983,1,27650,1,26848,1,27345,-1,0
2014.10.29,00:00:00,1,27326,1,27708,1,26312,1,26320,-1,0
2014.10.30,00:00:00,1,26298,1,26395,1,25470,1,26133,-1,0
2014.10.31,00:00:00,1,26142,1,26177,1,24857,1,25246,-1,0
2014.11.03,00:00:00,1,25133,1,25135,1,24393,1,24821,-1,0
2014.11.04,00:00:00,1,24828,1,25776,1,24824,1,25466,-1,0
2014.11.05,00:00:00,1,25455,1,25673,1,24575,1,24857,-1,0
2014.11.06,00:00:00,1,24848,1,25336,1,23646,1,23751,-1,0
2014.11.07,00:00:00,1,23747,1,24699,1,23582,1,24558,-1,0
2014.11.10,00:00:00,1,24655,1,25095,1,24188,1,24208,-1,0
2014.11.11,00:00:00,1,24220,1,24996,1,23943,1,24752,-1,0
2014.11.12,00:00:00,1,24703,1,24979,1,24193,1,24382,-1,0
2014.11.13,00:00:00,1,24390,1,24918,1,24267,1,24765,-1,0
2014.11.14,00:00:00,1,24754,1,25466,1,23986,1,25255,-1,0
2014.11.17,00:00:00,1,25288,1,25776,1,24451,1,24500,-1,0
2014.11.18,00:00:00,1,24515,1,25455,1,24433,1,25362,-1,0
2014.11.19,00:00:00,1,25325,1,26010,1,25125,1,25541,-1,0
2014.11.20,00:00:00,1,25528,1,25755,1,25043,1,25395,-1,0
2014.11.21,00:00:00,1,25398,1,25685,1,23749,1,23921,-1,0
2014.11.24,00:00:00,1,23738,1,24447,1,23628,1,24426,-1,0
2014.11.25,00:00:00,1,24408,1,24873,1,24021,1,24746,-1,0
2014.11.26,00:00:00,1,24745,1,25323,1,24438,1,25060,-1,0
2014.11.27,00:00:00,1,25067,1,25237,1,24648,1,24673,-1,0
2014.11.28,00:00:00,1,24680,1,24905,1,24265,1,24515,-1,0
2014.12.01,00:00:00,1,24510,1,25067,1,24193,1,24698,-1,0
2014.12.02,00:00:00,1,24713,1,24763,1,23770,1,23830,-1,0
2014.12.03,00:00:00,1,23820,1,23908,1,23013,1,23111,-1,0
2014.12.04,00:00:00,1,23090,1,24564,1,22813,1,23789,-1,0
2014.12.05,00:00:00,1,23790,1,23931,1,22711,1,22827,-1,0
2014.12.08,00:00:00,1,22845,1,23440,1,22473,1,23173,-1,0
2014.12.09,00:00:00,1,23164,1,24480,1,22922,1,23741,-1,0
2014.12.10,00:00:00,1,23726,1,24484,1,23622,1,24480,-1,0
2014.12.11,00:00:00,1,24445,1,24953,1,23702,1,24107,-1,0
2014.12.12,00:00:00,1,24090,1,24856,1,23845,1,24620,-1,0
2014.12.15,00:00:00,1,24689,1,24789,1,24147,1,24368,-1,0
2014.12.16,00:00:00,1,24387,1,25700,1,24356,1,25110,-1,0
2014.12.17,00:00:00,1,25106,1,25162,1,23207,1,23418,-1,0
2014.12.18,00:00:00,1,23415,1,23529,1,22658,1,22862,-1,0
2014.12.19,00:00:00,1,22852,1,23023,1,22204,1,22296,-1,0
2014.12.22,00:00:00,1,22248,1,22727,1,22167,1,22298,-1,0
2014.12.23,00:00:00,1,22280,1,22458,1,21648,1,21724,-1,0
2014.12.24,00:00:00,1,21743,1,22200,1,21697,1,22040,-1,0
2014.12.26,00:00:00,1,22080,1,22223,1,21687,1,21798,-1,0
